date,product,sales,users
2023-01-01,Game Pass,15230,254
2023-01-01,Premium Subscription,19470,338
2023-01-01,In-game Purchase,10085,177
2023-01-01,Battle Pass,13730,320
2023-01-02,Game Pass,12359,267
2023-01-02,Premium Subscription,15167,266
2023-01-02,In-game Purchase,7342,183
2023-01-02,Battle Pass,9634,177
2023-01-03,Game Pass,12819,300
2023-01-03,Premium Subscription,14780,283
2023-01-03,In-game Purchase,8411,174
2023-01-03,Battle Pass,10301,253
2023-01-04,Game Pass,12726,314
2023-01-04,Premium Subscription,15470,338
2023-01-04,In-game Purchase,8089,161
2023-01-04,Battle Pass,10680,215
2023-01-05,Game Pass,12133,227
2023-01-05,Premium Subscription,15254,285
2023-01-05,In-game Purchase,8280,160
2023-01-05,Battle Pass,10366,210
2023-01-06,Game Pass,12553,216
2023-01-06,Premium Subscription,15443,308
2023-01-06,In-game Purchase,8028,146
2023-01-06,Battle Pass,10029,221
2023-01-07,Game Pass,16435,283
2023-01-07,Premium Subscription,19795,443
2023-01-07,In-game Purchase,10977,184
2023-01-07,Battle Pass,14144,326
2023-01-08,Game Pass,14154,319
2023-01-08,Premium Subscription,20205,349
2023-01-08,In-game Purchase,11295,207
2023-01-08,Battle Pass,13566,261
2023-01-09,Game Pass,12129,252
2023-01-09,Premium Subscription,16695,400
2023-01-09,In-game Purchase,7858,132
2023-01-09,Battle Pass,10207,196
2023-01-10,Game Pass,12611,220
2023-01-10,Premium Subscription,15323,370
2023-01-10,In-game Purchase,8288,147
2023-01-10,Battle Pass,10812,249
2023-01-11,Game Pass,12694,248
2023-01-11,Premium Subscription,15371,270
2023-01-11,In-game Purchase,8589,214
2023-01-11,Battle Pass,10488,220
2023-01-12,Game Pass,13126,241
2023-01-12,Premium Subscription,15523,346
2023-01-12,In-game Purchase,7947,167
2023-01-12,Battle Pass,10608,234
2023-01-13,Game Pass,12990,223
2023-01-13,Premium Subscription,16430,384
2023-01-13,In-game Purchase,8266,160
2023-01-13,Battle Pass,10807,191
2023-01-14,Game Pass,16577,407
2023-01-14,Premium Subscription,19633,328
2023-01-14,In-game Purchase,9743,187
2023-01-14,Battle Pass,14701,272
2023-01-15,Game Pass,16095,357
2023-01-15,Premium Subscription,19313,330
2023-01-15,In-game Purchase,10843,189
2023-01-15,Battle Pass,13977,342
2023-01-16,Game Pass,12638,230
2023-01-16,Premium Subscription,16169,273
2023-01-16,In-game Purchase,8727,207
2023-01-16,Battle Pass,10394,203
2023-01-17,Game Pass,12729,280
2023-01-17,Premium Subscription,15821,368
2023-01-17,In-game Purchase,9005,185
2023-01-17,Battle Pass,10501,193
2023-01-18,Game Pass,12774,252
2023-01-18,Premium Subscription,14892,309
2023-01-18,In-game Purchase,8098,164
2023-01-18,Battle Pass,10530,191
2023-01-19,Game Pass,12609,274
2023-01-19,Premium Subscription,15278,331
2023-01-19,In-game Purchase,9021,206
2023-01-19,Battle Pass,11036,268
2023-01-20,Game Pass,12940,294
2023-01-20,Premium Subscription,16153,338
2023-01-20,In-game Purchase,8933,153
2023-01-20,Battle Pass,11066,202
2023-01-21,Game Pass,17072,413
2023-01-21,Premium Subscription,21049,433
2023-01-21,In-game Purchase,10826,236
2023-01-21,Battle Pass,14849,286
2023-01-22,Game Pass,15991,278
2023-01-22,Premium Subscription,20000,344
2023-01-22,In-game Purchase,11762,226
2023-01-22,Battle Pass,13968,311
2023-01-23,Game Pass,12814,225
2023-01-23,Premium Subscription,16242,291
2023-01-23,In-game Purchase,9124,158
2023-01-23,Battle Pass,11570,268
2023-01-24,Game Pass,13144,293
2023-01-24,Premium Subscription,16130,291
2023-01-24,In-game Purchase,9615,182
2023-01-24,Battle Pass,10596,194
2023-01-25,Game Pass,13673,329
2023-01-25,Premium Subscription,16483,275
2023-01-25,In-game Purchase,9645,166
2023-01-25,Battle Pass,11421,207
2023-01-26,Game Pass,12543,243
2023-01-26,Premium Subscription,15333,257
2023-01-26,In-game Purchase,9980,200
2023-01-26,Battle Pass,10968,243
2023-01-27,Game Pass,12874,258
2023-01-27,Premium Subscription,16465,394
2023-01-27,In-game Purchase,9253,162
2023-01-27,Battle Pass,11242,235
2023-01-28,Game Pass,17165,333
2023-01-28,Premium Subscription,21065,489
2023-01-28,In-game Purchase,11781,253
2023-01-28,Battle Pass,14616,351
2023-01-29,Game Pass,17394,381
2023-01-29,Premium Subscription,22699,443
2023-01-29,In-game Purchase,11615,234
2023-01-29,Battle Pass,13984,283
2023-01-30,Game Pass,13674,262
2023-01-30,Premium Subscription,16495,297
2023-01-30,In-game Purchase,8477,188
2023-01-30,Battle Pass,10595,193
2023-01-31,Game Pass,13003,223
2023-01-31,Premium Subscription,16948,423
2023-01-31,In-game Purchase,9589,178
2023-01-31,Battle Pass,11374,226
2023-02-01,Game Pass,13552,235
2023-02-01,Premium Subscription,17577,381
2023-02-01,In-game Purchase,9220,200
2023-02-01,Battle Pass,11377,203
2023-02-02,Game Pass,13509,237
2023-02-02,Premium Subscription,17407,293
2023-02-02,In-game Purchase,9114,182
2023-02-02,Battle Pass,11582,232
2023-02-03,Game Pass,14072,327
2023-02-03,Premium Subscription,17437,410
2023-02-03,In-game Purchase,9425,158
2023-02-03,Battle Pass,11763,212
2023-02-04,Game Pass,18577,419
2023-02-04,Premium Subscription,21449,393
2023-02-04,In-game Purchase,11697,231
2023-02-04,Battle Pass,15484,290
2023-02-05,Game Pass,17651,379
2023-02-05,Premium Subscription,21903,399
2023-02-05,In-game Purchase,12437,289
2023-02-05,Battle Pass,15102,257
2023-02-06,Game Pass,14076,247
2023-02-06,Premium Subscription,16929,309
2023-02-06,In-game Purchase,9539,178
2023-02-06,Battle Pass,12178,218
2023-02-07,Game Pass,14011,249
2023-02-07,Premium Subscription,16723,335
2023-02-07,In-game Purchase,9436,158
2023-02-07,Battle Pass,11548,263
2023-02-08,Game Pass,14982,277
2023-02-08,Premium Subscription,17690,356
2023-02-08,In-game Purchase,9924,220
2023-02-08,Battle Pass,11551,245
2023-02-09,Game Pass,13896,248
2023-02-09,Premium Subscription,18749,403
2023-02-09,In-game Purchase,9813,199
2023-02-09,Battle Pass,11576,217
2023-02-10,Game Pass,12900,256
2023-02-10,Premium Subscription,18059,333
2023-02-10,In-game Purchase,9143,181
2023-02-10,Battle Pass,11671,254
2023-02-11,Game Pass,18034,431
2023-02-11,Premium Subscription,23497,394
2023-02-11,In-game Purchase,11759,220
2023-02-11,Battle Pass,15537,387
2023-02-12,Game Pass,18291,400
2023-02-12,Premium Subscription,19432,418
2023-02-12,In-game Purchase,11635,254
2023-02-12,Battle Pass,14464,326
2023-02-13,Game Pass,14593,252
2023-02-13,Premium Subscription,16524,289
2023-02-13,In-game Purchase,9932,242
2023-02-13,Battle Pass,11785,272
2023-02-14,Game Pass,14317,261
2023-02-14,Premium Subscription,17949,349
2023-02-14,In-game Purchase,9015,210
2023-02-14,Battle Pass,11578,223
2023-02-15,Game Pass,13566,317
2023-02-15,Premium Subscription,17538,293
2023-02-15,In-game Purchase,9996,174
2023-02-15,Battle Pass,12223,220
2023-02-16,Game Pass,13896,263
2023-02-16,Premium Subscription,17923,399
2023-02-16,In-game Purchase,9083,177
2023-02-16,Battle Pass,12416,256
2023-02-17,Game Pass,14519,311
2023-02-17,Premium Subscription,17207,377
2023-02-17,In-game Purchase,9034,194
2023-02-17,Battle Pass,11463,198
2023-02-18,Game Pass,19806,371
2023-02-18,Premium Subscription,23711,455
2023-02-18,In-game Purchase,11508,200
2023-02-18,Battle Pass,16014,351
2023-02-19,Game Pass,19043,415
2023-02-19,Premium Subscription,21639,528
2023-02-19,In-game Purchase,12523,258
2023-02-19,Battle Pass,16053,349
2023-02-20,Game Pass,14850,301
2023-02-20,Premium Subscription,18878,389
2023-02-20,In-game Purchase,8919,172
2023-02-20,Battle Pass,12287,257
2023-02-21,Game Pass,14332,327
2023-02-21,Premium Subscription,18796,354
2023-02-21,In-game Purchase,10025,183
2023-02-21,Battle Pass,12202,227
2023-02-22,Game Pass,14314,297
2023-02-22,Premium Subscription,18796,334
2023-02-22,In-game Purchase,10564,228
2023-02-22,Battle Pass,12443,213
2023-02-23,Game Pass,15106,366
2023-02-23,Premium Subscription,19512,422
2023-02-23,In-game Purchase,9699,211
2023-02-23,Battle Pass,12172,269
2023-02-24,Game Pass,15459,315
2023-02-24,Premium Subscription,18406,316
2023-02-24,In-game Purchase,9464,229
2023-02-24,Battle Pass,12082,284
2023-02-25,Game Pass,17621,328
2023-02-25,Premium Subscription,24210,412
2023-02-25,In-game Purchase,12158,203
2023-02-25,Battle Pass,15196,271
2023-02-26,Game Pass,19844,370
2023-02-26,Premium Subscription,25274,450
2023-02-26,In-game Purchase,12397,299
2023-02-26,Battle Pass,16935,358
2023-02-27,Game Pass,14834,267
2023-02-27,Premium Subscription,17848,306
2023-02-27,In-game Purchase,10499,247
2023-02-27,Battle Pass,12076,204
2023-02-28,Game Pass,15682,343
2023-02-28,Premium Subscription,17399,367
2023-02-28,In-game Purchase,10078,225
2023-02-28,Battle Pass,12170,282
2023-03-01,Game Pass,14935,309
2023-03-01,Premium Subscription,19234,380
2023-03-01,In-game Purchase,9855,243
2023-03-01,Battle Pass,12803,302
2023-03-02,Game Pass,15287,254
2023-03-02,Premium Subscription,18722,447
2023-03-02,In-game Purchase,9821,170
2023-03-02,Battle Pass,12409,236
2023-03-03,Game Pass,14918,281
2023-03-03,Premium Subscription,19397,354
2023-03-03,In-game Purchase,10227,241
2023-03-03,Battle Pass,12490,235
2023-03-04,Game Pass,19277,344
2023-03-04,Premium Subscription,24118,541
2023-03-04,In-game Purchase,13149,230
2023-03-04,Battle Pass,15195,355
2023-03-05,Game Pass,19838,398
2023-03-05,Premium Subscription,24958,537
2023-03-05,In-game Purchase,12664,221
2023-03-05,Battle Pass,15583,352
2023-03-06,Game Pass,15580,321
2023-03-06,Premium Subscription,18261,389
2023-03-06,In-game Purchase,10038,249
2023-03-06,Battle Pass,13752,308
2023-03-07,Game Pass,15899,357
2023-03-07,Premium Subscription,17865,330
2023-03-07,In-game Purchase,10813,233
2023-03-07,Battle Pass,12572,268
2023-03-08,Game Pass,15431,276
2023-03-08,Premium Subscription,19556,414
2023-03-08,In-game Purchase,9790,165
2023-03-08,Battle Pass,11852,292
2023-03-09,Game Pass,16109,371
2023-03-09,Premium Subscription,18888,415
2023-03-09,In-game Purchase,10060,182
2023-03-09,Battle Pass,12873,305
2023-03-10,Game Pass,15257,265
2023-03-10,Premium Subscription,17914,346
2023-03-10,In-game Purchase,10468,242
2023-03-10,Battle Pass,12533,286
2023-03-11,Game Pass,18887,327
2023-03-11,Premium Subscription,23873,419
2023-03-11,In-game Purchase,13909,339
2023-03-11,Battle Pass,17077,305
2023-03-12,Game Pass,20530,436
2023-03-12,Premium Subscription,25052,509
2023-03-12,In-game Purchase,12559,254
2023-03-12,Battle Pass,15884,374
2023-03-13,Game Pass,15405,314
2023-03-13,Premium Subscription,20184,452
2023-03-13,In-game Purchase,9840,224
2023-03-13,Battle Pass,12517,229
2023-03-14,Game Pass,15474,276
2023-03-14,Premium Subscription,19847,426
2023-03-14,In-game Purchase,10316,194
2023-03-14,Battle Pass,13530,279
2023-03-15,Game Pass,15450,270
2023-03-15,Premium Subscription,19573,340
2023-03-15,In-game Purchase,10141,197
2023-03-15,Battle Pass,12102,210
2023-03-16,Game Pass,14360,311
2023-03-16,Premium Subscription,18904,452
2023-03-16,In-game Purchase,10628,193
2023-03-16,Battle Pass,12657,294
2023-03-17,Game Pass,15447,368
2023-03-17,Premium Subscription,19826,463
2023-03-17,In-game Purchase,10608,237
2023-03-17,Battle Pass,11668,210
2023-03-18,Game Pass,19668,451
2023-03-18,Premium Subscription,25043,565
2023-03-18,In-game Purchase,12280,216
2023-03-18,Battle Pass,15776,316
2023-03-19,Game Pass,19395,469
2023-03-19,Premium Subscription,24160,447
2023-03-19,In-game Purchase,13747,288
2023-03-19,Battle Pass,17139,340
2023-03-20,Game Pass,15169,291
2023-03-20,Premium Subscription,20503,386
2023-03-20,In-game Purchase,10266,228
2023-03-20,Battle Pass,11889,264
2023-03-21,Game Pass,15136,296
2023-03-21,Premium Subscription,19264,416
2023-03-21,In-game Purchase,10228,193
2023-03-21,Battle Pass,13166,290
2023-03-22,Game Pass,15556,313
2023-03-22,Premium Subscription,19046,329
2023-03-22,In-game Purchase,10394,176
2023-03-22,Battle Pass,12996,232
2023-03-23,Game Pass,15526,275
2023-03-23,Premium Subscription,17966,315
2023-03-23,In-game Purchase,10023,194
2023-03-23,Battle Pass,13554,301
2023-03-24,Game Pass,16336,276
2023-03-24,Premium Subscription,21524,414
2023-03-24,In-game Purchase,10597,201
2023-03-24,Battle Pass,13119,317
2023-03-25,Game Pass,21088,506
2023-03-25,Premium Subscription,26352,523
2023-03-25,In-game Purchase,14035,255
2023-03-25,Battle Pass,17177,299
2023-03-26,Game Pass,20474,341
2023-03-26,Premium Subscription,26748,523
2023-03-26,In-game Purchase,13651,314
2023-03-26,Battle Pass,16381,281
2023-03-27,Game Pass,14534,276
2023-03-27,Premium Subscription,18031,349
2023-03-27,In-game Purchase,10489,253
2023-03-27,Battle Pass,13585,297
2023-03-28,Game Pass,15744,272
2023-03-28,Premium Subscription,19532,393
2023-03-28,In-game Purchase,10181,214
2023-03-28,Battle Pass,13799,237
2023-03-29,Game Pass,16632,310
2023-03-29,Premium Subscription,19163,320
2023-03-29,In-game Purchase,10267,231
2023-03-29,Battle Pass,12708,214
2023-03-30,Game Pass,15150,338
2023-03-30,Premium Subscription,19528,430
2023-03-30,In-game Purchase,10624,227
2023-03-30,Battle Pass,12864,250
2023-03-31,Game Pass,15290,264
2023-03-31,Premium Subscription,19185,372
2023-03-31,In-game Purchase,10621,196
2023-03-31,Battle Pass,13392,243
2023-04-01,Game Pass,19652,398
2023-04-01,Premium Subscription,25451,481
2023-04-01,In-game Purchase,13548,242
2023-04-01,Battle Pass,16547,376
2023-04-02,Game Pass,20391,486
2023-04-02,Premium Subscription,26744,448
2023-04-02,In-game Purchase,13718,310
2023-04-02,Battle Pass,16261,335
2023-04-03,Game Pass,16267,338
2023-04-03,Premium Subscription,19583,343
2023-04-03,In-game Purchase,11156,251
2023-04-03,Battle Pass,12976,287
2023-04-04,Game Pass,16147,380
2023-04-04,Premium Subscription,20652,432
2023-04-04,In-game Purchase,10787,182
2023-04-04,Battle Pass,13116,301
2023-04-05,Game Pass,15667,364
2023-04-05,Premium Subscription,18934,437
2023-04-05,In-game Purchase,10231,219
2023-04-05,Battle Pass,13632,289
2023-04-06,Game Pass,15291,298
2023-04-06,Premium Subscription,19094,379
2023-04-06,In-game Purchase,10419,256
2023-04-06,Battle Pass,12743,237
2023-04-07,Game Pass,15984,276
2023-04-07,Premium Subscription,20260,420
2023-04-07,In-game Purchase,9894,193
2023-04-07,Battle Pass,12835,253
2023-04-08,Game Pass,20088,473
2023-04-08,Premium Subscription,24679,506
2023-04-08,In-game Purchase,14458,249
2023-04-08,Battle Pass,15642,289
2023-04-09,Game Pass,20008,355
2023-04-09,Premium Subscription,25909,647
2023-04-09,In-game Purchase,13521,239
2023-04-09,Battle Pass,17549,362
2023-04-10,Game Pass,15982,338
2023-04-10,Premium Subscription,18385,439
2023-04-10,In-game Purchase,10170,175
2023-04-10,Battle Pass,13183,250
2023-04-11,Game Pass,16383,333
2023-04-11,Premium Subscription,18965,338
2023-04-11,In-game Purchase,11059,202
2023-04-11,Battle Pass,13353,308
2023-04-12,Game Pass,15396,338
2023-04-12,Premium Subscription,18394,440
2023-04-12,In-game Purchase,10765,242
2023-04-12,Battle Pass,13678,265
2023-04-13,Game Pass,14887,267
2023-04-13,Premium Subscription,19485,363
2023-04-13,In-game Purchase,10344,218
2023-04-13,Battle Pass,13109,253
2023-04-14,Game Pass,15882,322
2023-04-14,Premium Subscription,21314,387
2023-04-14,In-game Purchase,9585,211
2023-04-14,Battle Pass,13564,251
2023-04-15,Game Pass,19829,365
2023-04-15,Premium Subscription,25099,562
2023-04-15,In-game Purchase,13367,235
2023-04-15,Battle Pass,16821,380
2023-04-16,Game Pass,19545,332
2023-04-16,Premium Subscription,26449,494
2023-04-16,In-game Purchase,13650,239
2023-04-16,Battle Pass,17172,292
2023-04-17,Game Pass,15353,267
2023-04-17,Premium Subscription,21006,439
2023-04-17,In-game Purchase,9870,188
2023-04-17,Battle Pass,13504,228
2023-04-18,Game Pass,16675,375
2023-04-18,Premium Subscription,19859,434
2023-04-18,In-game Purchase,10899,203
2023-04-18,Battle Pass,13226,279
2023-04-19,Game Pass,15579,317
2023-04-19,Premium Subscription,18728,346
2023-04-19,In-game Purchase,11325,190
2023-04-19,Battle Pass,12420,226
2023-04-20,Game Pass,15865,376
2023-04-20,Premium Subscription,19840,401
2023-04-20,In-game Purchase,10755,219
2023-04-20,Battle Pass,12100,284
2023-04-21,Game Pass,16511,351
2023-04-21,Premium Subscription,20258,472
2023-04-21,In-game Purchase,11278,212
2023-04-21,Battle Pass,13162,221
2023-04-22,Game Pass,20858,408
2023-04-22,Premium Subscription,25334,452
2023-04-22,In-game Purchase,13802,259
2023-04-22,Battle Pass,17639,366
2023-04-23,Game Pass,20947,430
2023-04-23,Premium Subscription,26333,498
2023-04-23,In-game Purchase,12954,241
2023-04-23,Battle Pass,17991,369
2023-04-24,Game Pass,16459,306
2023-04-24,Premium Subscription,20688,364
2023-04-24,In-game Purchase,10603,250
2023-04-24,Battle Pass,13723,241
2023-04-25,Game Pass,15369,301
2023-04-25,Premium Subscription,19376,361
2023-04-25,In-game Purchase,11194,266
2023-04-25,Battle Pass,12906,312
2023-04-26,Game Pass,16083,334
2023-04-26,Premium Subscription,19045,326
2023-04-26,In-game Purchase,9966,232
2023-04-26,Battle Pass,13627,243
2023-04-27,Game Pass,15563,337
2023-04-27,Premium Subscription,19603,332
2023-04-27,In-game Purchase,10259,199
2023-04-27,Battle Pass,14049,268
2023-04-28,Game Pass,15969,293
2023-04-28,Premium Subscription,20186,501
2023-04-28,In-game Purchase,11246,235
2023-04-28,Battle Pass,11915,218
2023-04-29,Game Pass,20386,413
2023-04-29,Premium Subscription,25244,549
2023-04-29,In-game Purchase,13435,255
2023-04-29,Battle Pass,16861,293
2023-04-30,Game Pass,21463,411
2023-04-30,Premium Subscription,25101,598
2023-04-30,In-game Purchase,13353,244
2023-04-30,Battle Pass,17021,345
2023-05-01,Game Pass,15182,327
2023-05-01,Premium Subscription,20114,457
2023-05-01,In-game Purchase,10381,246
2023-05-01,Battle Pass,12097,254
2023-05-02,Game Pass,16766,351
2023-05-02,Premium Subscription,19398,398
2023-05-02,In-game Purchase,10465,225
2023-05-02,Battle Pass,13610,265
2023-05-03,Game Pass,16228,281
2023-05-03,Premium Subscription,20706,511
2023-05-03,In-game Purchase,10945,185
2023-05-03,Battle Pass,13295,330
2023-05-04,Game Pass,16355,357
2023-05-04,Premium Subscription,18691,352
2023-05-04,In-game Purchase,9815,173
2023-05-04,Battle Pass,12174,211
2023-05-05,Game Pass,15178,320
2023-05-05,Premium Subscription,19861,448
2023-05-05,In-game Purchase,10073,212
2023-05-05,Battle Pass,13304,288
2023-05-06,Game Pass,21117,386
2023-05-06,Premium Subscription,25695,593
2023-05-06,In-game Purchase,14739,264
2023-05-06,Battle Pass,17379,294
2023-05-07,Game Pass,19529,453
2023-05-07,Premium Subscription,24150,499
2023-05-07,In-game Purchase,12888,310
2023-05-07,Battle Pass,17708,362
2023-05-08,Game Pass,16825,326
2023-05-08,Premium Subscription,18350,426
2023-05-08,In-game Purchase,10635,205
2023-05-08,Battle Pass,12196,278
2023-05-09,Game Pass,15653,318
2023-05-09,Premium Subscription,20495,371
2023-05-09,In-game Purchase,10138,173
2023-05-09,Battle Pass,13282,255
2023-05-10,Game Pass,15832,308
2023-05-10,Premium Subscription,19104,351
2023-05-10,In-game Purchase,10702,253
2023-05-10,Battle Pass,12298,213
2023-05-11,Game Pass,16156,398
2023-05-11,Premium Subscription,20739,466
2023-05-11,In-game Purchase,10501,175
2023-05-11,Battle Pass,13621,280
2023-05-12,Game Pass,15086,373
2023-05-12,Premium Subscription,20300,404
2023-05-12,In-game Purchase,10364,207
2023-05-12,Battle Pass,13881,308
2023-05-13,Game Pass,20644,434
2023-05-13,Premium Subscription,25206,567
2023-05-13,In-game Purchase,13787,240
2023-05-13,Battle Pass,15850,276
2023-05-14,Game Pass,19616,400
2023-05-14,Premium Subscription,24841,602
2023-05-14,In-game Purchase,13590,285
2023-05-14,Battle Pass,17793,300
2023-05-15,Game Pass,14793,285
2023-05-15,Premium Subscription,20515,425
2023-05-15,In-game Purchase,9877,205
2023-05-15,Battle Pass,13173,323
2023-05-16,Game Pass,14795,258
2023-05-16,Premium Subscription,18812,338
2023-05-16,In-game Purchase,11401,229
2023-05-16,Battle Pass,13217,286
2023-05-17,Game Pass,14590,294
2023-05-17,Premium Subscription,18191,370
2023-05-17,In-game Purchase,10165,174
2023-05-17,Battle Pass,12965,293
2023-05-18,Game Pass,15101,256
2023-05-18,Premium Subscription,19164,375
2023-05-18,In-game Purchase,10456,225
2023-05-18,Battle Pass,13549,248
2023-05-19,Game Pass,15611,340
2023-05-19,Premium Subscription,19343,466
2023-05-19,In-game Purchase,10704,187
2023-05-19,Battle Pass,12302,262
2023-05-20,Game Pass,20175,409
2023-05-20,Premium Subscription,23601,464
2023-05-20,In-game Purchase,14301,246
2023-05-20,Battle Pass,16008,335
2023-05-21,Game Pass,19710,460
2023-05-21,Premium Subscription,24825,491
2023-05-21,In-game Purchase,13004,245
2023-05-21,Battle Pass,16388,316
2023-05-22,Game Pass,16715,384
2023-05-22,Premium Subscription,17592,342
2023-05-22,In-game Purchase,10572,212
2023-05-22,Battle Pass,12877,256
2023-05-23,Game Pass,15828,294
2023-05-23,Premium Subscription,18400,365
2023-05-23,In-game Purchase,10413,177
2023-05-23,Battle Pass,12432,234
2023-05-24,Game Pass,15564,266
2023-05-24,Premium Subscription,20656,362
2023-05-24,In-game Purchase,10007,238
2023-05-24,Battle Pass,12762,267
2023-05-25,Game Pass,14844,332
2023-05-25,Premium Subscription,19533,437
2023-05-25,In-game Purchase,10491,195
2023-05-25,Battle Pass,13274,253
2023-05-26,Game Pass,15585,358
2023-05-26,Premium Subscription,18533,383
2023-05-26,In-game Purchase,9765,179
2023-05-26,Battle Pass,12815,215
2023-05-27,Game Pass,20759,389
2023-05-27,Premium Subscription,24069,505
2023-05-27,In-game Purchase,12706,275
2023-05-27,Battle Pass,16545,301
2023-05-28,Game Pass,19592,343
2023-05-28,Premium Subscription,27817,692
2023-05-28,In-game Purchase,12643,281
2023-05-28,Battle Pass,17690,340
2023-05-29,Game Pass,15117,320
2023-05-29,Premium Subscription,19738,330
2023-05-29,In-game Purchase,10348,203
2023-05-29,Battle Pass,12622,249
2023-05-30,Game Pass,14313,343
2023-05-30,Premium Subscription,19841,462
2023-05-30,In-game Purchase,10014,189
2023-05-30,Battle Pass,11853,204
2023-05-31,Game Pass,15485,345
2023-05-31,Premium Subscription,18070,390
2023-05-31,In-game Purchase,10372,209
2023-05-31,Battle Pass,12239,279
2023-06-01,Game Pass,15647,288
2023-06-01,Premium Subscription,19491,416
2023-06-01,In-game Purchase,9594,186
2023-06-01,Battle Pass,12920,217
2023-06-02,Game Pass,15745,338
2023-06-02,Premium Subscription,18810,413
2023-06-02,In-game Purchase,10409,211
2023-06-02,Battle Pass,12850,216
2023-06-03,Game Pass,17935,299
2023-06-03,Premium Subscription,25560,518
2023-06-03,In-game Purchase,13252,277
2023-06-03,Battle Pass,16110,329
2023-06-04,Game Pass,19283,372
2023-06-04,Premium Subscription,24766,431
2023-06-04,In-game Purchase,13209,319
2023-06-04,Battle Pass,17179,330
2023-06-05,Game Pass,14483,279
2023-06-05,Premium Subscription,18005,396
2023-06-05,In-game Purchase,9454,180
2023-06-05,Battle Pass,12359,297
2023-06-06,Game Pass,13918,236
2023-06-06,Premium Subscription,20626,427
2023-06-06,In-game Purchase,10091,218
2023-06-06,Battle Pass,12530,285
2023-06-07,Game Pass,14746,273
2023-06-07,Premium Subscription,19506,348
2023-06-07,In-game Purchase,10123,195
2023-06-07,Battle Pass,12207,203
2023-06-08,Game Pass,14978,263
2023-06-08,Premium Subscription,18793,370
2023-06-08,In-game Purchase,10240,179
2023-06-08,Battle Pass,11124,210
2023-06-09,Game Pass,13896,296
2023-06-09,Premium Subscription,18788,377
2023-06-09,In-game Purchase,10513,241
2023-06-09,Battle Pass,12979,228
2023-06-10,Game Pass,18780,404
2023-06-10,Premium Subscription,24456,413
2023-06-10,In-game Purchase,12459,219
2023-06-10,Battle Pass,16034,361
2023-06-11,Game Pass,18484,408
2023-06-11,Premium Subscription,24146,437
2023-06-11,In-game Purchase,12279,293
2023-06-11,Battle Pass,16144,337
2023-06-12,Game Pass,15163,325
2023-06-12,Premium Subscription,19622,433
2023-06-12,In-game Purchase,9951,166
2023-06-12,Battle Pass,11563,254
2023-06-13,Game Pass,14664,272
2023-06-13,Premium Subscription,20055,346
2023-06-13,In-game Purchase,10015,170
2023-06-13,Battle Pass,12781,263
2023-06-14,Game Pass,14741,328
2023-06-14,Premium Subscription,18237,320
2023-06-14,In-game Purchase,9289,204
2023-06-14,Battle Pass,12853,224
2023-06-15,Game Pass,15561,309
2023-06-15,Premium Subscription,17282,294
2023-06-15,In-game Purchase,9802,186
2023-06-15,Battle Pass,13235,224
2023-06-16,Game Pass,14566,277
2023-06-16,Premium Subscription,18764,450
2023-06-16,In-game Purchase,9779,210
2023-06-16,Battle Pass,12495,250
2023-06-17,Game Pass,20436,400
2023-06-17,Premium Subscription,23801,407
2023-06-17,In-game Purchase,13171,249
2023-06-17,Battle Pass,16440,383
2023-06-18,Game Pass,18238,380
2023-06-18,Premium Subscription,22886,430
2023-06-18,In-game Purchase,12569,313
2023-06-18,Battle Pass,16002,274
2023-06-19,Game Pass,15955,341
2023-06-19,Premium Subscription,17205,292
2023-06-19,In-game Purchase,10827,237
2023-06-19,Battle Pass,12137,260
2023-06-20,Game Pass,15015,296
2023-06-20,Premium Subscription,16905,364
2023-06-20,In-game Purchase,10269,181
2023-06-20,Battle Pass,11761,222
2023-06-21,Game Pass,14468,332
2023-06-21,Premium Subscription,17704,346
2023-06-21,In-game Purchase,9526,170
2023-06-21,Battle Pass,12065,252
2023-06-22,Game Pass,14478,278
2023-06-22,Premium Subscription,19699,336
2023-06-22,In-game Purchase,9944,182
2023-06-22,Battle Pass,11418,273
2023-06-23,Game Pass,13733,280
2023-06-23,Premium Subscription,18303,306
2023-06-23,In-game Purchase,9586,192
2023-06-23,Battle Pass,12616,279
2023-06-24,Game Pass,19544,354
2023-06-24,Premium Subscription,23217,552
2023-06-24,In-game Purchase,12216,257
2023-06-24,Battle Pass,15655,265
2023-06-25,Game Pass,18573,365
2023-06-25,Premium Subscription,23142,436
2023-06-25,In-game Purchase,11914,228
2023-06-25,Battle Pass,14908,310
2023-06-26,Game Pass,14143,250
2023-06-26,Premium Subscription,17145,287
2023-06-26,In-game Purchase,9451,176
2023-06-26,Battle Pass,11469,208
2023-06-27,Game Pass,14381,247
2023-06-27,Premium Subscription,18906,442
2023-06-27,In-game Purchase,10003,209
2023-06-27,Battle Pass,12006,221
2023-06-28,Game Pass,13789,323
2023-06-28,Premium Subscription,18707,364
2023-06-28,In-game Purchase,8791,214
2023-06-28,Battle Pass,11857,249
2023-06-29,Game Pass,15722,333
2023-06-29,Premium Subscription,18297,325
2023-06-29,In-game Purchase,9285,174
2023-06-29,Battle Pass,12456,230
2023-06-30,Game Pass,13734,322
2023-06-30,Premium Subscription,16218,329
2023-06-30,In-game Purchase,9295,155
2023-06-30,Battle Pass,12521,212
2023-07-01,Game Pass,18538,330
2023-07-01,Premium Subscription,23838,465
2023-07-01,In-game Purchase,11418,209
2023-07-01,Battle Pass,15949,396
2023-07-02,Game Pass,18832,444
2023-07-02,Premium Subscription,23225,387
2023-07-02,In-game Purchase,12663,308
2023-07-02,Battle Pass,15287,352
2023-07-03,Game Pass,14490,318
2023-07-03,Premium Subscription,17181,326
2023-07-03,In-game Purchase,9088,194
2023-07-03,Battle Pass,11858,241
2023-07-04,Game Pass,13911,276
2023-07-04,Premium Subscription,16738,300
2023-07-04,In-game Purchase,9746,218
2023-07-04,Battle Pass,11978,271
2023-07-05,Game Pass,15467,371
2023-07-05,Premium Subscription,16426,329
2023-07-05,In-game Purchase,9603,182
2023-07-05,Battle Pass,11668,212
2023-07-06,Game Pass,13397,241
2023-07-06,Premium Subscription,18886,368
2023-07-06,In-game Purchase,9530,177
2023-07-06,Battle Pass,11403,211
2023-07-07,Game Pass,13975,297
2023-07-07,Premium Subscription,18981,393
2023-07-07,In-game Purchase,9404,207
2023-07-07,Battle Pass,12114,222
2023-07-08,Game Pass,17493,411
2023-07-08,Premium Subscription,22037,535
2023-07-08,In-game Purchase,12130,247
2023-07-08,Battle Pass,14882,261
2023-07-09,Game Pass,17883,352
2023-07-09,Premium Subscription,22456,389
2023-07-09,In-game Purchase,11973,277
2023-07-09,Battle Pass,14994,336
2023-07-10,Game Pass,14302,245
2023-07-10,Premium Subscription,17759,396
2023-07-10,In-game Purchase,8558,163
2023-07-10,Battle Pass,11493,240
2023-07-11,Game Pass,13016,273
2023-07-11,Premium Subscription,18369,390
2023-07-11,In-game Purchase,9310,176
2023-07-11,Battle Pass,11409,227
2023-07-12,Game Pass,13583,325
2023-07-12,Premium Subscription,17865,411
2023-07-12,In-game Purchase,8990,161
2023-07-12,Battle Pass,11869,268
2023-07-13,Game Pass,13785,237
2023-07-13,Premium Subscription,16350,303
2023-07-13,In-game Purchase,9358,198
2023-07-13,Battle Pass,12178,278
2023-07-14,Game Pass,14202,303
2023-07-14,Premium Subscription,17062,334
2023-07-14,In-game Purchase,8430,146
2023-07-14,Battle Pass,12230,300
2023-07-15,Game Pass,17731,349
2023-07-15,Premium Subscription,22093,432
2023-07-15,In-game Purchase,11707,276
2023-07-15,Battle Pass,15011,255
2023-07-16,Game Pass,17169,401
2023-07-16,Premium Subscription,22609,396
2023-07-16,In-game Purchase,11572,212
2023-07-16,Battle Pass,14441,313
2023-07-17,Game Pass,14577,245
2023-07-17,Premium Subscription,15702,380
2023-07-17,In-game Purchase,9208,179
2023-07-17,Battle Pass,10527,205
2023-07-18,Game Pass,13526,239
2023-07-18,Premium Subscription,16990,376
2023-07-18,In-game Purchase,9603,225
2023-07-18,Battle Pass,10862,244
2023-07-19,Game Pass,14170,309
2023-07-19,Premium Subscription,15229,260
2023-07-19,In-game Purchase,8638,159
2023-07-19,Battle Pass,12043,278
2023-07-20,Game Pass,13606,313
2023-07-20,Premium Subscription,17243,370
2023-07-20,In-game Purchase,9214,173
2023-07-20,Battle Pass,11710,254
2023-07-21,Game Pass,13636,325
2023-07-21,Premium Subscription,16828,305
2023-07-21,In-game Purchase,8843,219
2023-07-21,Battle Pass,10674,229
2023-07-22,Game Pass,16927,315
2023-07-22,Premium Subscription,21146,430
2023-07-22,In-game Purchase,11814,283
2023-07-22,Battle Pass,14277,322
2023-07-23,Game Pass,19207,413
2023-07-23,Premium Subscription,20357,359
2023-07-23,In-game Purchase,11740,239
2023-07-23,Battle Pass,15610,287
2023-07-24,Game Pass,12502,214
2023-07-24,Premium Subscription,16442,341
2023-07-24,In-game Purchase,7825,187
2023-07-24,Battle Pass,10980,240
2023-07-25,Game Pass,13856,244
2023-07-25,Premium Subscription,17130,382
2023-07-25,In-game Purchase,8388,141
2023-07-25,Battle Pass,10847,233
2023-07-26,Game Pass,13911,333
2023-07-26,Premium Subscription,17315,360
2023-07-26,In-game Purchase,9239,209
2023-07-26,Battle Pass,11103,236
2023-07-27,Game Pass,14030,270
2023-07-27,Premium Subscription,16757,310
2023-07-27,In-game Purchase,8428,165
2023-07-27,Battle Pass,11239,226
2023-07-28,Game Pass,12403,222
2023-07-28,Premium Subscription,16798,316
2023-07-28,In-game Purchase,9136,173
2023-07-28,Battle Pass,11487,283
2023-07-29,Game Pass,15753,310
2023-07-29,Premium Subscription,21351,510
2023-07-29,In-game Purchase,13353,245
2023-07-29,Battle Pass,14932,303
2023-07-30,Game Pass,16262,326
2023-07-30,Premium Subscription,22656,452
2023-07-30,In-game Purchase,11228,233
2023-07-30,Battle Pass,14301,251
2023-07-31,Game Pass,12339,214
2023-07-31,Premium Subscription,16538,294
2023-07-31,In-game Purchase,8567,204
2023-07-31,Battle Pass,10778,200
2023-08-01,Game Pass,13224,279
2023-08-01,Premium Subscription,16231,273
2023-08-01,In-game Purchase,8426,165
2023-08-01,Battle Pass,10359,206
2023-08-02,Game Pass,12478,253
2023-08-02,Premium Subscription,16390,305
2023-08-02,In-game Purchase,9282,173
2023-08-02,Battle Pass,11892,241
2023-08-03,Game Pass,11636,220
2023-08-03,Premium Subscription,15207,370
2023-08-03,In-game Purchase,8480,194
2023-08-03,Battle Pass,10542,181
2023-08-04,Game Pass,13552,336
2023-08-04,Premium Subscription,16011,317
2023-08-04,In-game Purchase,8820,153
2023-08-04,Battle Pass,10812,196
2023-08-05,Game Pass,16838,360
2023-08-05,Premium Subscription,21933,495
2023-08-05,In-game Purchase,11220,191
2023-08-05,Battle Pass,14182,268
2023-08-06,Game Pass,16656,309
2023-08-06,Premium Subscription,20345,359
2023-08-06,In-game Purchase,11303,273
2023-08-06,Battle Pass,15080,367
2023-08-07,Game Pass,12339,272
2023-08-07,Premium Subscription,16902,340
2023-08-07,In-game Purchase,9110,179
2023-08-07,Battle Pass,9807,199
2023-08-08,Game Pass,12937,268
2023-08-08,Premium Subscription,15570,326
2023-08-08,In-game Purchase,8325,160
2023-08-08,Battle Pass,11040,230
2023-08-09,Game Pass,13209,262
2023-08-09,Premium Subscription,16559,405
2023-08-09,In-game Purchase,8896,154
2023-08-09,Battle Pass,10431,223
2023-08-10,Game Pass,12769,228
2023-08-10,Premium Subscription,16225,320
2023-08-10,In-game Purchase,8478,163
2023-08-10,Battle Pass,11358,205
2023-08-11,Game Pass,13176,265
2023-08-11,Premium Subscription,15852,272
2023-08-11,In-game Purchase,8820,169
2023-08-11,Battle Pass,10331,207
2023-08-12,Game Pass,16891,420
2023-08-12,Premium Subscription,21530,400
2023-08-12,In-game Purchase,10815,207
2023-08-12,Battle Pass,13848,230
2023-08-13,Game Pass,15008,294
2023-08-13,Premium Subscription,21099,415
2023-08-13,In-game Purchase,11672,205
2023-08-13,Battle Pass,13297,241
2023-08-14,Game Pass,11824,244
2023-08-14,Premium Subscription,15958,338
2023-08-14,In-game Purchase,8505,163
2023-08-14,Battle Pass,10179,202
2023-08-15,Game Pass,12292,243
2023-08-15,Premium Subscription,15148,299
2023-08-15,In-game Purchase,8543,201
2023-08-15,Battle Pass,10093,212
2023-08-16,Game Pass,12708,268
2023-08-16,Premium Subscription,15491,332
2023-08-16,In-game Purchase,8795,213
2023-08-16,Battle Pass,10067,174
2023-08-17,Game Pass,12388,255
2023-08-17,Premium Subscription,16285,372
2023-08-17,In-game Purchase,8358,186
2023-08-17,Battle Pass,10795,245
2023-08-18,Game Pass,12520,260
2023-08-18,Premium Subscription,15983,334
2023-08-18,In-game Purchase,8517,143
2023-08-18,Battle Pass,10769,214
2023-08-19,Game Pass,16805,399
2023-08-19,Premium Subscription,20143,335
2023-08-19,In-game Purchase,11673,276
2023-08-19,Battle Pass,13201,302
2023-08-20,Game Pass,16100,313
2023-08-20,Premium Subscription,20688,436
2023-08-20,In-game Purchase,10601,192
2023-08-20,Battle Pass,12632,294
2023-08-21,Game Pass,12608,235
2023-08-21,Premium Subscription,16920,365
2023-08-21,In-game Purchase,7968,160
2023-08-21,Battle Pass,10446,233
2023-08-22,Game Pass,12402,269
2023-08-22,Premium Subscription,14926,335
2023-08-22,In-game Purchase,7680,190
2023-08-22,Battle Pass,10418,202
2023-08-23,Game Pass,12792,311
2023-08-23,Premium Subscription,14982,275
2023-08-23,In-game Purchase,8375,155
2023-08-23,Battle Pass,10708,181
2023-08-24,Game Pass,12550,225
2023-08-24,Premium Subscription,16005,346
2023-08-24,In-game Purchase,8711,153
2023-08-24,Battle Pass,11222,211
2023-08-25,Game Pass,12354,241
2023-08-25,Premium Subscription,15377,336
2023-08-25,In-game Purchase,8515,158
2023-08-25,Battle Pass,9856,166
2023-08-26,Game Pass,16266,387
2023-08-26,Premium Subscription,20344,378
2023-08-26,In-game Purchase,11106,262
2023-08-26,Battle Pass,13042,225
2023-08-27,Game Pass,15949,346
2023-08-27,Premium Subscription,19458,347
2023-08-27,In-game Purchase,10721,222
2023-08-27,Battle Pass,14110,249
2023-08-28,Game Pass,12781,281
2023-08-28,Premium Subscription,16617,328
2023-08-28,In-game Purchase,8105,168
2023-08-28,Battle Pass,10290,196
2023-08-29,Game Pass,12225,252
2023-08-29,Premium Subscription,16288,279
2023-08-29,In-game Purchase,8329,140
2023-08-29,Battle Pass,10745,239
2023-08-30,Game Pass,11846,256
2023-08-30,Premium Subscription,15028,286
2023-08-30,In-game Purchase,8244,163
2023-08-30,Battle Pass,10361,217
2023-08-31,Game Pass,12272,278
2023-08-31,Premium Subscription,15480,351
2023-08-31,In-game Purchase,8487,170
2023-08-31,Battle Pass,9557,217
2023-09-01,Game Pass,12730,225
2023-09-01,Premium Subscription,16230,279
2023-09-01,In-game Purchase,8131,166
2023-09-01,Battle Pass,10275,188
2023-09-02,Game Pass,16146,402
2023-09-02,Premium Subscription,20162,346
2023-09-02,In-game Purchase,9948,198
2023-09-02,Battle Pass,12859,237
2023-09-03,Game Pass,16420,321
2023-09-03,Premium Subscription,19773,389
2023-09-03,In-game Purchase,10810,235
2023-09-03,Battle Pass,13811,255
2023-09-04,Game Pass,12668,287
2023-09-04,Premium Subscription,14937,351
2023-09-04,In-game Purchase,8122,170
2023-09-04,Battle Pass,9725,199
2023-09-05,Game Pass,12080,220
2023-09-05,Premium Subscription,15995,373
2023-09-05,In-game Purchase,7927,141
2023-09-05,Battle Pass,9675,172
2023-09-06,Game Pass,12413,207
2023-09-06,Premium Subscription,15025,339
2023-09-06,In-game Purchase,8087,139
2023-09-06,Battle Pass,9724,184
2023-09-07,Game Pass,13222,259
2023-09-07,Premium Subscription,14978,317
2023-09-07,In-game Purchase,8583,151
2023-09-07,Battle Pass,10150,190
2023-09-08,Game Pass,12798,287
2023-09-08,Premium Subscription,14872,248
2023-09-08,In-game Purchase,8314,200
2023-09-08,Battle Pass,10168,195
2023-09-09,Game Pass,15916,342
2023-09-09,Premium Subscription,19200,381
2023-09-09,In-game Purchase,11043,186
2023-09-09,Battle Pass,14028,287
2023-09-10,Game Pass,16120,298
2023-09-10,Premium Subscription,20998,465
2023-09-10,In-game Purchase,10445,235
2023-09-10,Battle Pass,12470,270
2023-09-11,Game Pass,12683,268
2023-09-11,Premium Subscription,15059,284
2023-09-11,In-game Purchase,7664,158
2023-09-11,Battle Pass,10644,203
2023-09-12,Game Pass,12179,218
2023-09-12,Premium Subscription,15577,347
2023-09-12,In-game Purchase,7113,157
2023-09-12,Battle Pass,9672,181
2023-09-13,Game Pass,13207,276
2023-09-13,Premium Subscription,14551,324
2023-09-13,In-game Purchase,8462,196
2023-09-13,Battle Pass,10531,191
2023-09-14,Game Pass,12585,239
2023-09-14,Premium Subscription,15346,310
2023-09-14,In-game Purchase,8270,197
2023-09-14,Battle Pass,9767,189
2023-09-15,Game Pass,12623,265
2023-09-15,Premium Subscription,14242,272
2023-09-15,In-game Purchase,8207,188
2023-09-15,Battle Pass,10335,190
2023-09-16,Game Pass,15432,306
2023-09-16,Premium Subscription,20575,392
2023-09-16,In-game Purchase,10753,251
2023-09-16,Battle Pass,12961,227
2023-09-17,Game Pass,16012,283
2023-09-17,Premium Subscription,20303,406
2023-09-17,In-game Purchase,10917,232
2023-09-17,Battle Pass,11687,219
2023-09-18,Game Pass,12255,297
2023-09-18,Premium Subscription,14495,282
2023-09-18,In-game Purchase,8062,141
2023-09-18,Battle Pass,10122,184
2023-09-19,Game Pass,12903,216
2023-09-19,Premium Subscription,15855,319
2023-09-19,In-game Purchase,7747,145
2023-09-19,Battle Pass,10572,185
2023-09-20,Game Pass,12123,279
2023-09-20,Premium Subscription,15199,296
2023-09-20,In-game Purchase,8367,143
2023-09-20,Battle Pass,10405,179
2023-09-21,Game Pass,12143,230
2023-09-21,Premium Subscription,15379,286
2023-09-21,In-game Purchase,7629,146
2023-09-21,Battle Pass,9775,180
2023-09-22,Game Pass,12895,284
2023-09-22,Premium Subscription,14820,251
2023-09-22,In-game Purchase,8139,136
2023-09-22,Battle Pass,9752,222
2023-09-23,Game Pass,14683,272
2023-09-23,Premium Subscription,19457,379
2023-09-23,In-game Purchase,9819,170
2023-09-23,Battle Pass,13315,284
2023-09-24,Game Pass,16594,334
2023-09-24,Premium Subscription,20417,401
2023-09-24,In-game Purchase,10538,253
2023-09-24,Battle Pass,13556,284
2023-09-25,Game Pass,13116,239
2023-09-25,Premium Subscription,15277,324
2023-09-25,In-game Purchase,7701,135
2023-09-25,Battle Pass,10462,179
2023-09-26,Game Pass,11970,233
2023-09-26,Premium Subscription,15893,340
2023-09-26,In-game Purchase,8178,186
2023-09-26,Battle Pass,9821,164
2023-09-27,Game Pass,11541,229
2023-09-27,Premium Subscription,15703,383
2023-09-27,In-game Purchase,8364,149
2023-09-27,Battle Pass,10151,222
2023-09-28,Game Pass,12227,304
2023-09-28,Premium Subscription,15069,328
2023-09-28,In-game Purchase,8490,198
2023-09-28,Battle Pass,10336,189
2023-09-29,Game Pass,12696,252
2023-09-29,Premium Subscription,15119,284
2023-09-29,In-game Purchase,8373,151
2023-09-29,Battle Pass,9723,189
2023-09-30,Game Pass,16398,315
2023-09-30,Premium Subscription,19841,341
2023-09-30,In-game Purchase,10926,223
2023-09-30,Battle Pass,12787,295
2023-10-01,Game Pass,16325,289
2023-10-01,Premium Subscription,20396,372
2023-10-01,In-game Purchase,10325,214
2023-10-01,Battle Pass,13311,307
2023-10-02,Game Pass,11209,234
2023-10-02,Premium Subscription,14732,264
2023-10-02,In-game Purchase,8297,155
2023-10-02,Battle Pass,10204,196
2023-10-03,Game Pass,11639,223
2023-10-03,Premium Subscription,15413,273
2023-10-03,In-game Purchase,8444,165
2023-10-03,Battle Pass,10799,184
2023-10-04,Game Pass,12106,285
2023-10-04,Premium Subscription,14718,263
2023-10-04,In-game Purchase,8539,179
2023-10-04,Battle Pass,10056,170
2023-10-05,Game Pass,12115,218
2023-10-05,Premium Subscription,15586,266
2023-10-05,In-game Purchase,7687,129
2023-10-05,Battle Pass,10215,179
2023-10-06,Game Pass,11621,263
2023-10-06,Premium Subscription,16193,337
2023-10-06,In-game Purchase,8182,159
2023-10-06,Battle Pass,9694,185
2023-10-07,Game Pass,16913,392
2023-10-07,Premium Subscription,19377,374
2023-10-07,In-game Purchase,10740,193
2023-10-07,Battle Pass,12440,289
2023-10-08,Game Pass,15116,362
2023-10-08,Premium Subscription,20439,451
2023-10-08,In-game Purchase,10560,234
2023-10-08,Battle Pass,12929,298
2023-10-09,Game Pass,12085,208
2023-10-09,Premium Subscription,16363,307
2023-10-09,In-game Purchase,8026,179
2023-10-09,Battle Pass,10238,211
2023-10-10,Game Pass,12455,213
2023-10-10,Premium Subscription,15230,311
2023-10-10,In-game Purchase,8530,195
2023-10-10,Battle Pass,10898,194
2023-10-11,Game Pass,13082,252
2023-10-11,Premium Subscription,16926,319
2023-10-11,In-game Purchase,7793,191
2023-10-11,Battle Pass,10464,202
2023-10-12,Game Pass,12274,290
2023-10-12,Premium Subscription,13878,269
2023-10-12,In-game Purchase,7891,185
2023-10-12,Battle Pass,10473,228
2023-10-13,Game Pass,11779,234
2023-10-13,Premium Subscription,16172,273
2023-10-13,In-game Purchase,8111,183
2023-10-13,Battle Pass,10355,239
2023-10-14,Game Pass,17453,355
2023-10-14,Premium Subscription,20787,384
2023-10-14,In-game Purchase,10352,187
2023-10-14,Battle Pass,12446,235
2023-10-15,Game Pass,17018,355
2023-10-15,Premium Subscription,19975,361
2023-10-15,In-game Purchase,10443,250
2023-10-15,Battle Pass,13077,263
2023-10-16,Game Pass,11395,250
2023-10-16,Premium Subscription,15377,366
2023-10-16,In-game Purchase,8300,177
2023-10-16,Battle Pass,9889,233
2023-10-17,Game Pass,12668,294
2023-10-17,Premium Subscription,14975,265
2023-10-17,In-game Purchase,9101,173
2023-10-17,Battle Pass,10540,206
2023-10-18,Game Pass,13047,319
2023-10-18,Premium Subscription,14983,356
2023-10-18,In-game Purchase,8074,143
2023-10-18,Battle Pass,10354,208
2023-10-19,Game Pass,11812,284
2023-10-19,Premium Subscription,15565,296
2023-10-19,In-game Purchase,8065,182
2023-10-19,Battle Pass,10980,215
2023-10-20,Game Pass,12579,209
2023-10-20,Premium Subscription,15861,273
2023-10-20,In-game Purchase,7766,152
2023-10-20,Battle Pass,12140,232
2023-10-21,Game Pass,16519,313
2023-10-21,Premium Subscription,20805,362
2023-10-21,In-game Purchase,10115,243
2023-10-21,Battle Pass,12630,314
2023-10-22,Game Pass,17190,299
2023-10-22,Premium Subscription,21956,367
2023-10-22,In-game Purchase,11653,213
2023-10-22,Battle Pass,13333,229
2023-10-23,Game Pass,12290,259
2023-10-23,Premium Subscription,15139,272
2023-10-23,In-game Purchase,8057,185
2023-10-23,Battle Pass,11227,204
2023-10-24,Game Pass,12754,259
2023-10-24,Premium Subscription,16566,335
2023-10-24,In-game Purchase,8897,178
2023-10-24,Battle Pass,10015,219
2023-10-25,Game Pass,12432,220
2023-10-25,Premium Subscription,16263,318
2023-10-25,In-game Purchase,8659,188
2023-10-25,Battle Pass,9737,165
2023-10-26,Game Pass,13088,233
2023-10-26,Premium Subscription,15826,267
2023-10-26,In-game Purchase,8463,149
2023-10-26,Battle Pass,9789,175
2023-10-27,Game Pass,12936,276
2023-10-27,Premium Subscription,16543,319
2023-10-27,In-game Purchase,8585,180
2023-10-27,Battle Pass,10967,209
2023-10-28,Game Pass,16752,337
2023-10-28,Premium Subscription,20441,475
2023-10-28,In-game Purchase,11598,215
2023-10-28,Battle Pass,13264,324
2023-10-29,Game Pass,17241,288
2023-10-29,Premium Subscription,21573,501
2023-10-29,In-game Purchase,10571,176
2023-10-29,Battle Pass,14781,329
2023-10-30,Game Pass,13114,273
2023-10-30,Premium Subscription,15243,288
2023-10-30,In-game Purchase,8802,208
2023-10-30,Battle Pass,10645,221
2023-10-31,Game Pass,12718,261
2023-10-31,Premium Subscription,17187,372
2023-10-31,In-game Purchase,9009,158
2023-10-31,Battle Pass,10893,232
2023-11-01,Game Pass,12747,281
2023-11-01,Premium Subscription,16418,325
2023-11-01,In-game Purchase,8737,157
2023-11-01,Battle Pass,10286,180
2023-11-02,Game Pass,12180,293
2023-11-02,Premium Subscription,15790,372
2023-11-02,In-game Purchase,8822,184
2023-11-02,Battle Pass,11522,232
2023-11-03,Game Pass,13018,280
2023-11-03,Premium Subscription,17620,337
2023-11-03,In-game Purchase,8124,141
2023-11-03,Battle Pass,10684,185
2023-11-04,Game Pass,15430,298
2023-11-04,Premium Subscription,20159,437
2023-11-04,In-game Purchase,11705,271
2023-11-04,Battle Pass,14074,294
2023-11-05,Game Pass,17241,351
2023-11-05,Premium Subscription,21457,511
2023-11-05,In-game Purchase,11579,280
2023-11-05,Battle Pass,14505,326
2023-11-06,Game Pass,13230,246
2023-11-06,Premium Subscription,17732,354
2023-11-06,In-game Purchase,8704,174
2023-11-06,Battle Pass,10703,212
2023-11-07,Game Pass,13774,315
2023-11-07,Premium Subscription,15790,274
2023-11-07,In-game Purchase,9111,177
2023-11-07,Battle Pass,11471,194
2023-11-08,Game Pass,13523,314
2023-11-08,Premium Subscription,17244,299
2023-11-08,In-game Purchase,8636,171
2023-11-08,Battle Pass,11025,189
2023-11-09,Game Pass,13080,231
2023-11-09,Premium Subscription,16419,329
2023-11-09,In-game Purchase,8074,192
2023-11-09,Battle Pass,11474,282
2023-11-10,Game Pass,12899,261
2023-11-10,Premium Subscription,16970,416
2023-11-10,In-game Purchase,9377,219
2023-11-10,Battle Pass,11198,217
2023-11-11,Game Pass,17991,378
2023-11-11,Premium Subscription,22433,441
2023-11-11,In-game Purchase,11549,194
2023-11-11,Battle Pass,14611,301
2023-11-12,Game Pass,17579,293
2023-11-12,Premium Subscription,21222,395
2023-11-12,In-game Purchase,11498,238
2023-11-12,Battle Pass,14690,247
2023-11-13,Game Pass,13941,322
2023-11-13,Premium Subscription,16626,342
2023-11-13,In-game Purchase,8730,217
2023-11-13,Battle Pass,10692,184
2023-11-14,Game Pass,13679,234
2023-11-14,Premium Subscription,18413,400
2023-11-14,In-game Purchase,8212,196
2023-11-14,Battle Pass,10271,247
2023-11-15,Game Pass,13348,316
2023-11-15,Premium Subscription,15727,281
2023-11-15,In-game Purchase,9370,160
2023-11-15,Battle Pass,10660,204
2023-11-16,Game Pass,13419,264
2023-11-16,Premium Subscription,18254,322
2023-11-16,In-game Purchase,8887,192
2023-11-16,Battle Pass,11876,242
2023-11-17,Game Pass,14141,287
2023-11-17,Premium Subscription,17255,407
2023-11-17,In-game Purchase,9336,223
2023-11-17,Battle Pass,11306,215
2023-11-18,Game Pass,17199,322
2023-11-18,Premium Subscription,22793,566
2023-11-18,In-game Purchase,11676,284
2023-11-18,Battle Pass,13708,233
2023-11-19,Game Pass,18298,419
2023-11-19,Premium Subscription,21009,471
2023-11-19,In-game Purchase,11960,206
2023-11-19,Battle Pass,15524,302
2023-11-20,Game Pass,13990,258
2023-11-20,Premium Subscription,17024,285
2023-11-20,In-game Purchase,9330,193
2023-11-20,Battle Pass,11988,210
2023-11-21,Game Pass,13956,276
2023-11-21,Premium Subscription,17229,292
2023-11-21,In-game Purchase,10086,197
2023-11-21,Battle Pass,11844,258
2023-11-22,Game Pass,14144,265
2023-11-22,Premium Subscription,18378,337
2023-11-22,In-game Purchase,9421,186
2023-11-22,Battle Pass,11388,254
2023-11-23,Game Pass,14869,343
2023-11-23,Premium Subscription,17039,304
2023-11-23,In-game Purchase,9237,180
2023-11-23,Battle Pass,12235,299
2023-11-24,Game Pass,14610,248
2023-11-24,Premium Subscription,17886,398
2023-11-24,In-game Purchase,9221,202
2023-11-24,Battle Pass,12141,290
2023-11-25,Game Pass,16642,359
2023-11-25,Premium Subscription,21075,516
2023-11-25,In-game Purchase,12939,298
2023-11-25,Battle Pass,14424,324
2023-11-26,Game Pass,17132,330
2023-11-26,Premium Subscription,23115,480
2023-11-26,In-game Purchase,13519,285
2023-11-26,Battle Pass,14708,303
2023-11-27,Game Pass,15635,362
2023-11-27,Premium Subscription,17715,358
2023-11-27,In-game Purchase,9215,180
2023-11-27,Battle Pass,11744,270
2023-11-28,Game Pass,14110,349
2023-11-28,Premium Subscription,18020,365
2023-11-28,In-game Purchase,9379,182
2023-11-28,Battle Pass,12351,261
2023-11-29,Game Pass,13477,260
2023-11-29,Premium Subscription,17017,290
2023-11-29,In-game Purchase,10027,183
2023-11-29,Battle Pass,12265,223
2023-11-30,Game Pass,13908,241
2023-11-30,Premium Subscription,17941,371
2023-11-30,In-game Purchase,9277,191
2023-11-30,Battle Pass,12544,298
2023-12-01,Game Pass,14599,276
2023-12-01,Premium Subscription,19628,421
2023-12-01,In-game Purchase,10696,183
2023-12-01,Battle Pass,11608,235
2023-12-02,Game Pass,18843,363
2023-12-02,Premium Subscription,23271,481
2023-12-02,In-game Purchase,12732,223
2023-12-02,Battle Pass,15671,357
2023-12-03,Game Pass,18819,395
2023-12-03,Premium Subscription,22893,389
2023-12-03,In-game Purchase,12622,268
2023-12-03,Battle Pass,16068,269
2023-12-04,Game Pass,14907,252
2023-12-04,Premium Subscription,17918,323
2023-12-04,In-game Purchase,9809,169
2023-12-04,Battle Pass,12745,287
2023-12-05,Game Pass,14513,252
2023-12-05,Premium Subscription,18343,320
2023-12-05,In-game Purchase,9520,182
2023-12-05,Battle Pass,12666,244
2023-12-06,Game Pass,15055,257
2023-12-06,Premium Subscription,18226,317
2023-12-06,In-game Purchase,9991,223
2023-12-06,Battle Pass,11998,227
2023-12-07,Game Pass,14177,338
2023-12-07,Premium Subscription,18403,315
2023-12-07,In-game Purchase,9206,197
2023-12-07,Battle Pass,12678,236
2023-12-08,Game Pass,13666,229
2023-12-08,Premium Subscription,18684,404
2023-12-08,In-game Purchase,9674,194
2023-12-08,Battle Pass,12246,216
2023-12-09,Game Pass,20068,356
2023-12-09,Premium Subscription,24203,537
2023-12-09,In-game Purchase,13054,258
2023-12-09,Battle Pass,15854,264
2023-12-10,Game Pass,19477,423
2023-12-10,Premium Subscription,24132,588
2023-12-10,In-game Purchase,13109,251
2023-12-10,Battle Pass,16615,402
2023-12-11,Game Pass,14728,267
2023-12-11,Premium Subscription,19583,353
2023-12-11,In-game Purchase,10001,225
2023-12-11,Battle Pass,12674,285
2023-12-12,Game Pass,14552,250
2023-12-12,Premium Subscription,20151,337
2023-12-12,In-game Purchase,10408,178
2023-12-12,Battle Pass,13124,226
2023-12-13,Game Pass,15818,340
2023-12-13,Premium Subscription,18171,311
2023-12-13,In-game Purchase,10000,185
2023-12-13,Battle Pass,13151,264
2023-12-14,Game Pass,14871,364
2023-12-14,Premium Subscription,18528,411
2023-12-14,In-game Purchase,10600,256
2023-12-14,Battle Pass,11959,211
2023-12-15,Game Pass,15291,358
2023-12-15,Premium Subscription,19375,462
2023-12-15,In-game Purchase,10018,201
2023-12-15,Battle Pass,13054,319
2023-12-16,Game Pass,20162,383
2023-12-16,Premium Subscription,26668,645
2023-12-16,In-game Purchase,13186,305
2023-12-16,Battle Pass,16019,278
2023-12-17,Game Pass,19415,449
2023-12-17,Premium Subscription,25932,627
2023-12-17,In-game Purchase,13664,338
2023-12-17,Battle Pass,16582,304
2023-12-18,Game Pass,15070,265
2023-12-18,Premium Subscription,19300,441
2023-12-18,In-game Purchase,10042,175
2023-12-18,Battle Pass,13208,224
2023-12-19,Game Pass,15297,371
2023-12-19,Premium Subscription,20104,364
2023-12-19,In-game Purchase,9980,179
2023-12-19,Battle Pass,12817,250
2023-12-20,Game Pass,15408,311
2023-12-20,Premium Subscription,17979,375
2023-12-20,In-game Purchase,10723,239
2023-12-20,Battle Pass,13733,284
2023-12-21,Game Pass,15165,261
2023-12-21,Premium Subscription,19366,328
2023-12-21,In-game Purchase,10721,248
2023-12-21,Battle Pass,12946,296
2023-12-22,Game Pass,16515,349
2023-12-22,Premium Subscription,18861,429
2023-12-22,In-game Purchase,11098,255
2023-12-22,Battle Pass,13181,264
2023-12-23,Game Pass,19893,456
2023-12-23,Premium Subscription,26324,499
2023-12-23,In-game Purchase,14378,279
2023-12-23,Battle Pass,16636,367
2023-12-24,Game Pass,19122,475
2023-12-24,Premium Subscription,26768,664
2023-12-24,In-game Purchase,14415,316
2023-12-24,Battle Pass,16686,297
2023-12-25,Game Pass,16232,360
2023-12-25,Premium Subscription,19653,369
2023-12-25,In-game Purchase,10704,226
2023-12-25,Battle Pass,12759,220
2023-12-26,Game Pass,15146,286
2023-12-26,Premium Subscription,19948,441
2023-12-26,In-game Purchase,10660,202
2023-12-26,Battle Pass,13883,252
2023-12-27,Game Pass,15410,349
2023-12-27,Premium Subscription,20540,411
2023-12-27,In-game Purchase,10169,198
2023-12-27,Battle Pass,12752,249
2023-12-28,Game Pass,16298,287
2023-12-28,Premium Subscription,20326,359
2023-12-28,In-game Purchase,10757,186
2023-12-28,Battle Pass,13380,250
2023-12-29,Game Pass,16012,311
2023-12-29,Premium Subscription,20459,496
2023-12-29,In-game Purchase,10800,246
2023-12-29,Battle Pass,13409,298
2023-12-30,Game Pass,21166,372
2023-12-30,Premium Subscription,25706,503
2023-12-30,In-game Purchase,14693,273
2023-12-30,Battle Pass,17146,336
2023-12-31,Game Pass,22492,505
2023-12-31,Premium Subscription,27158,608
2023-12-31,In-game Purchase,15169,284
2023-12-31,Battle Pass,19291,478
