date,product,region,sales
2023-01-01,Laptop,Canada,41972
2023-01-01,Smartwatch,UK,42144
2023-01-01,Tablet,USA,22722
2023-01-01,Mobile,USA,1286
2023-01-01,Smartwatch,Canada,17347
2023-01-02,Headphones,UK,24257
2023-01-02,Tablet,UK,30858
2023-01-02,Mobile,Germany,4168
2023-01-03,Camera,Germany,44475
2023-01-03,Smartwatch,India,37757
2023-01-04,Tablet,UK,14805
2023-01-04,Smartwatch,Germany,35766
2023-01-04,Mobile,India,48947
2023-01-04,Tablet,UK,29670
2023-01-04,Laptop,USA,27241
2023-01-05,Headphones,USA,31537
2023-01-05,Tablet,Germany,17977
2023-01-06,Headphones,Canada,10985
2023-01-06,Tablet,Canada,46626
2023-01-06,Mobile,India,24070
2023-01-06,Laptop,UK,14492
2023-01-07,Headphones,India,1051
2023-01-07,Tablet,Canada,2093
2023-01-07,Mobile,India,43754
2023-01-07,Mobile,India,37569
2023-01-08,Smartwatch,India,20174
2023-01-08,Camera,USA,33854
2023-01-08,Camera,UK,44257
2023-01-08,Headphones,USA,17543
2023-01-09,Camera,UK,7724
2023-01-09,Tablet,Canada,5509
2023-01-10,Laptop,UK,14949
2023-01-10,Headphones,India,27502
2023-01-10,Laptop,UK,49590
2023-01-10,Headphones,USA,27908
2023-01-10,Headphones,USA,31053
2023-01-11,Smartwatch,UK,21369
2023-01-11,Tablet,UK,26478
2023-01-11,Laptop,Germany,15870
2023-01-11,Smartwatch,Germany,40134
2023-01-11,Laptop,Germany,12150
2023-01-12,Headphones,USA,21282
2023-01-12,Tablet,India,14523
2023-01-12,Headphones,Germany,29740
2023-01-12,Laptop,Canada,35658
2023-01-12,Tablet,Canada,3545
2023-01-13,Tablet,India,19263
2023-01-13,Smartwatch,UK,16039
2023-01-13,Tablet,India,49475
2023-01-14,Laptop,Canada,2473
2023-01-14,Mobile,Canada,8687
2023-01-14,Laptop,Germany,34442
2023-01-14,Headphones,India,7867
2023-01-15,Smartwatch,USA,36096
2023-01-15,Smartwatch,UK,31156
2023-01-15,Smartwatch,UK,37492
2023-01-15,Mobile,UK,48253
2023-01-16,Camera,Canada,37653
2023-01-16,Headphones,Germany,10249
2023-01-16,Tablet,Canada,19069
2023-01-16,Mobile,India,43614
2023-01-17,Camera,India,11717
2023-01-17,Camera,USA,8563
2023-01-17,Camera,Canada,3234
2023-01-18,Camera,India,22237
2023-01-18,Camera,Germany,46521
2023-01-19,Tablet,USA,29140
2023-01-19,Laptop,USA,22397
2023-01-19,Mobile,Germany,34459
2023-01-19,Smartwatch,UK,45252
2023-01-20,Mobile,India,2142
2023-01-20,Headphones,USA,22224
2023-01-20,Smartwatch,Germany,15530
2023-01-20,Laptop,UK,14636
2023-01-20,Mobile,USA,44842
2023-01-21,Laptop,UK,46945
2023-01-21,Laptop,USA,42088
2023-01-21,Tablet,India,37689
2023-01-21,Headphones,India,47547
2023-01-21,Mobile,USA,1112
2023-01-22,Smartwatch,Germany,36168
2023-01-22,Smartwatch,USA,44509
2023-01-23,Camera,India,24673
2023-01-23,Laptop,USA,15360
2023-01-23,Laptop,UK,26755
2023-01-24,Tablet,Germany,33536
2023-01-24,Laptop,Canada,15106
2023-01-24,Smartwatch,UK,17859
2023-01-24,Camera,Canada,38859
2023-01-24,Laptop,UK,31688
2023-01-25,Tablet,Canada,25768
2023-01-25,Laptop,Germany,27214
2023-01-25,Headphones,UK,42184
2023-01-26,Headphones,Germany,6244
2023-01-26,Tablet,India,18664
2023-01-26,Laptop,India,42634
2023-01-27,Camera,USA,23589
2023-01-27,Smartwatch,Canada,16537
2023-01-28,Laptop,UK,47859
2023-01-28,Smartwatch,UK,34599
2023-01-28,Camera,Canada,38818
2023-01-29,Laptop,Canada,44712
2023-01-29,Tablet,UK,8868
2023-01-30,Camera,India,26767
2023-01-30,Laptop,Canada,24867
2023-01-31,Smartwatch,India,41791
2023-01-31,Smartwatch,India,4238
2023-01-31,Laptop,Canada,32136
2023-02-01,Smartwatch,USA,8001
2023-02-01,Tablet,USA,37248
2023-02-01,Laptop,India,9085
2023-02-01,Tablet,Canada,20668
2023-02-02,Headphones,Germany,45163
2023-02-02,Smartwatch,UK,32389
2023-02-03,Laptop,UK,22045
2023-02-03,Mobile,Canada,28637
2023-02-03,Mobile,USA,36782
2023-02-03,Camera,India,19618
2023-02-03,Camera,Germany,27942
2023-02-04,Tablet,India,44411
2023-02-04,Smartwatch,Germany,47258
2023-02-04,Mobile,Germany,43884
2023-02-04,Mobile,USA,31588
2023-02-04,Camera,India,26393
2023-02-05,Headphones,Canada,42615
2023-02-05,Laptop,India,15974
2023-02-05,Smartwatch,UK,47707
2023-02-05,Camera,UK,33610
2023-02-06,Mobile,UK,33927
2023-02-06,Smartwatch,Germany,22535
2023-02-06,Laptop,USA,49284
2023-02-07,Laptop,Canada,8292
2023-02-07,Smartwatch,India,40935
2023-02-07,Camera,USA,24005
2023-02-07,Tablet,USA,21643
2023-02-07,Laptop,India,14326
2023-02-08,Laptop,Germany,22121
2023-02-08,Camera,UK,3594
2023-02-08,Tablet,Canada,49513
2023-02-08,Tablet,USA,22988
2023-02-08,Camera,Germany,46724
2023-02-09,Mobile,USA,46700
2023-02-09,Mobile,India,11042
2023-02-09,Headphones,India,31253
2023-02-09,Laptop,UK,23256
2023-02-09,Camera,UK,28150
2023-02-10,Headphones,India,48675
2023-02-10,Tablet,Germany,48621
2023-02-10,Tablet,USA,2278
2023-02-10,Camera,Germany,15475
2023-02-10,Laptop,Canada,14846
2023-02-11,Smartwatch,UK,48220
2023-02-11,Tablet,UK,3906
2023-02-11,Laptop,Germany,31617
2023-02-11,Camera,India,3814
2023-02-12,Headphones,Canada,45100
2023-02-12,Smartwatch,USA,6982
2023-02-12,Camera,UK,26332
2023-02-12,Camera,USA,14734
2023-02-12,Laptop,Germany,45769
2023-02-13,Headphones,Germany,42839
2023-02-13,Camera,UK,15112
2023-02-13,Tablet,USA,42515
2023-02-13,Mobile,USA,30805
2023-02-14,Tablet,USA,48527
2023-02-14,Camera,Germany,11283
2023-02-14,Headphones,India,5860
2023-02-14,Laptop,Germany,49645
2023-02-15,Mobile,India,18534
2023-02-15,Laptop,India,26542
2023-02-15,Camera,USA,16608
2023-02-15,Mobile,India,10957
2023-02-15,Smartwatch,India,44362
2023-02-16,Camera,UK,26106
2023-02-16,Smartwatch,Canada,32696
2023-02-16,Tablet,USA,48926
2023-02-17,Laptop,Canada,16639
2023-02-17,Mobile,UK,31885
2023-02-17,Camera,USA,2905
2023-02-18,Smartwatch,India,44231
2023-02-18,Tablet,USA,45691
2023-02-18,Laptop,Canada,30879
2023-02-19,Headphones,USA,46849
2023-02-19,Mobile,Canada,47788
2023-02-20,Smartwatch,USA,19035
2023-02-20,Tablet,UK,32852
2023-02-20,Mobile,USA,17469
2023-02-21,Smartwatch,Canada,9704
2023-02-21,Smartwatch,UK,18218
2023-02-21,Tablet,USA,17046
2023-02-22,Tablet,UK,17259
2023-02-22,Camera,Canada,46158
2023-02-22,Camera,USA,33417
2023-02-23,Headphones,UK,10697
2023-02-23,Tablet,India,6678
2023-02-23,Tablet,Canada,21566
2023-02-23,Camera,Canada,48231
2023-02-24,Laptop,Germany,15125
2023-02-24,Camera,India,48121
2023-02-24,Smartwatch,India,43539
2023-02-24,Camera,Canada,34122
2023-02-24,Camera,Canada,41536
2023-02-25,Laptop,UK,39434
2023-02-25,Mobile,USA,32752
2023-02-25,Headphones,USA,6801
2023-02-25,Smartwatch,Canada,27487
2023-02-26,Camera,UK,9549
2023-02-26,Mobile,USA,8414
2023-02-26,Headphones,UK,17998
2023-02-27,Camera,USA,32062
2023-02-27,Mobile,Canada,34612
2023-02-27,Tablet,Canada,18461
2023-02-28,Smartwatch,India,10602
2023-02-28,Mobile,USA,30022
2023-03-01,Tablet,USA,31635
2023-03-01,Smartwatch,Canada,2061
2023-03-01,Camera,Germany,36626
2023-03-01,Laptop,Canada,38146
2023-03-01,Tablet,India,47879
2023-03-02,Headphones,India,33678
2023-03-02,Smartwatch,USA,31519
2023-03-03,Smartwatch,Germany,49156
2023-03-03,Headphones,Germany,23613
2023-03-03,Laptop,USA,48906
2023-03-03,Mobile,Germany,13895
2023-03-04,Tablet,Canada,36876
2023-03-04,Tablet,Germany,3161
2023-03-04,Smartwatch,Canada,16056
2023-03-04,Laptop,USA,6085
2023-03-05,Laptop,UK,46180
2023-03-05,Headphones,UK,31993
2023-03-05,Headphones,India,29746
2023-03-05,Camera,Canada,43012
2023-03-06,Headphones,USA,12349
2023-03-06,Camera,India,35766
2023-03-07,Tablet,Canada,17938
2023-03-07,Mobile,Germany,39971
2023-03-07,Smartwatch,Canada,14148
2023-03-07,Smartwatch,USA,14091
2023-03-08,Tablet,USA,5533
2023-03-08,Laptop,Canada,28759
2023-03-08,Smartwatch,Canada,39285
2023-03-08,Camera,USA,29600
2023-03-09,Camera,India,30469
2023-03-09,Laptop,India,27539
2023-03-09,Tablet,UK,13660
2023-03-09,Headphones,India,22291
2023-03-10,Headphones,Canada,18150
2023-03-10,Smartwatch,USA,48807
2023-03-10,Laptop,India,21373
2023-03-10,Tablet,USA,39199
2023-03-11,Headphones,Canada,16778
2023-03-11,Headphones,USA,39790
2023-03-11,Camera,UK,46501
2023-03-12,Smartwatch,India,48303
2023-03-12,Tablet,India,18887
2023-03-12,Tablet,India,10849
2023-03-13,Tablet,Germany,3359
2023-03-13,Tablet,Germany,13601
2023-03-13,Laptop,Canada,22327
2023-03-14,Smartwatch,UK,46642
2023-03-14,Laptop,India,49871
2023-03-14,Smartwatch,India,32917
2023-03-14,Laptop,Germany,42437
2023-03-14,Tablet,Germany,49212
2023-03-15,Headphones,Germany,20277
2023-03-15,Laptop,India,5070
2023-03-16,Mobile,Germany,31104
2023-03-16,Headphones,Germany,44232
2023-03-16,Headphones,Canada,42171
2023-03-17,Laptop,USA,19448
2023-03-17,Headphones,India,33813
2023-03-17,Headphones,India,17492
2023-03-17,Camera,USA,14081
2023-03-17,Headphones,Germany,40576
2023-03-18,Camera,India,1112
2023-03-18,Headphones,Canada,16950
2023-03-18,Smartwatch,UK,42498
2023-03-18,Tablet,UK,29937
2023-03-18,Camera,USA,9901
2023-03-19,Headphones,India,22422
2023-03-19,Smartwatch,India,5996
2023-03-19,Headphones,Canada,22672
2023-03-19,Headphones,USA,25363
2023-03-19,Smartwatch,India,34733
2023-03-20,Mobile,India,19853
2023-03-20,Tablet,UK,38746
2023-03-20,Camera,Germany,16975
2023-03-21,Tablet,UK,17577
2023-03-21,Mobile,India,43765
2023-03-21,Smartwatch,USA,15006
2023-03-21,Smartwatch,UK,31802
2023-03-22,Tablet,UK,19972
2023-03-22,Headphones,Germany,32353
2023-03-22,Tablet,Germany,49237
2023-03-22,Headphones,UK,6589
2023-03-23,Mobile,Canada,37210
2023-03-23,Laptop,Germany,23320
2023-03-23,Camera,Canada,23367
2023-03-23,Smartwatch,India,8289
2023-03-24,Headphones,Germany,18555
2023-03-24,Laptop,Germany,19167
2023-03-24,Smartwatch,Canada,40224
2023-03-24,Headphones,Germany,40074
2023-03-25,Mobile,Germany,29738
2023-03-25,Smartwatch,India,36963
2023-03-25,Headphones,USA,2398
2023-03-25,Laptop,Germany,10000
2023-03-26,Tablet,UK,12396
2023-03-26,Laptop,India,36143
2023-03-26,Headphones,Canada,5953
2023-03-26,Laptop,USA,48307
2023-03-26,Laptop,Canada,10977
2023-03-27,Tablet,Germany,3328
2023-03-27,Headphones,USA,49753
2023-03-27,Tablet,UK,45065
2023-03-27,Headphones,UK,43714
2023-03-27,Mobile,Canada,25554
2023-03-28,Headphones,USA,25898
2023-03-28,Smartwatch,India,4238
2023-03-28,Camera,India,3282
2023-03-29,Mobile,USA,41857
2023-03-29,Mobile,USA,8137
2023-03-29,Camera,USA,30876
2023-03-29,Mobile,USA,14906
2023-03-29,Camera,UK,8558
2023-03-30,Smartwatch,USA,38491
2023-03-30,Laptop,Canada,42250
2023-03-30,Headphones,Germany,41781
2023-03-30,Mobile,Germany,28636
2023-03-30,Camera,Germany,10827
2023-03-31,Headphones,USA,26941
2023-03-31,Laptop,Germany,2217
2023-04-01,Tablet,UK,24519
2023-04-01,Mobile,UK,10599
2023-04-01,Mobile,Germany,48180
2023-04-02,Tablet,UK,29554
2023-04-02,Tablet,UK,23290
2023-04-02,Headphones,Germany,8120
2023-04-02,Smartwatch,Canada,46071
2023-04-03,Tablet,India,28985
2023-04-03,Mobile,Canada,18983
2023-04-03,Camera,USA,47248
2023-04-03,Smartwatch,Germany,16306
2023-04-03,Tablet,UK,40468
2023-04-04,Laptop,Canada,8343
2023-04-04,Headphones,India,24103
2023-04-05,Mobile,USA,37175
2023-04-05,Camera,UK,49500
2023-04-05,Headphones,UK,29896
2023-04-05,Laptop,Germany,4494
2023-04-06,Camera,Germany,20135
2023-04-06,Camera,Canada,29852
2023-04-06,Smartwatch,Germany,13309
2023-04-07,Laptop,Canada,42462
2023-04-07,Camera,India,12139
2023-04-07,Mobile,Canada,32303
2023-04-07,Laptop,UK,42361
2023-04-08,Tablet,Germany,14017
2023-04-08,Camera,Germany,45919
2023-04-08,Smartwatch,UK,9317
2023-04-08,Mobile,Germany,33917
2023-04-08,Camera,Germany,35406
2023-04-09,Tablet,UK,3759
2023-04-09,Camera,UK,27044
2023-04-09,Headphones,Canada,22595
2023-04-10,Tablet,Germany,8509
2023-04-10,Smartwatch,USA,13794
2023-04-11,Smartwatch,UK,11584
2023-04-11,Smartwatch,USA,12333
2023-04-11,Laptop,Germany,4459
2023-04-12,Mobile,USA,20093
2023-04-12,Tablet,Canada,44413
2023-04-12,Headphones,Germany,17826
2023-04-12,Camera,Germany,15752
2023-04-13,Mobile,USA,46480
2023-04-13,Tablet,Germany,6877
2023-04-13,Smartwatch,USA,27981
2023-04-13,Laptop,UK,8170
2023-04-14,Camera,Germany,31157
2023-04-14,Smartwatch,Germany,40498
2023-04-14,Camera,USA,11529
2023-04-15,Headphones,Germany,47437
2023-04-15,Laptop,Germany,40864
2023-04-15,Smartwatch,India,13459
2023-04-15,Tablet,India,23794
2023-04-15,Mobile,India,23654
2023-04-16,Headphones,Germany,44426
2023-04-16,Camera,USA,42588
2023-04-16,Headphones,USA,39418
2023-04-16,Headphones,Germany,42602
2023-04-16,Smartwatch,USA,24628
2023-04-17,Mobile,India,7305
2023-04-17,Headphones,India,46301
2023-04-17,Laptop,USA,30514
2023-04-18,Camera,USA,44159
2023-04-18,Camera,Germany,16685
2023-04-18,Smartwatch,Canada,34192
2023-04-18,Tablet,UK,1302
2023-04-19,Laptop,UK,49754
2023-04-19,Tablet,USA,12585
2023-04-19,Headphones,UK,23344
2023-04-20,Tablet,Germany,38595
2023-04-20,Mobile,USA,33625
2023-04-20,Mobile,Germany,4811
2023-04-21,Smartwatch,Canada,39104
2023-04-21,Mobile,Canada,36163
2023-04-21,Laptop,Germany,15927
2023-04-22,Laptop,UK,47445
2023-04-22,Camera,India,5199
2023-04-23,Smartwatch,Germany,24927
2023-04-23,Mobile,India,22762
2023-04-23,Camera,USA,49904
2023-04-23,Mobile,India,11409
2023-04-23,Camera,USA,47012
2023-04-24,Tablet,Germany,35433
2023-04-24,Camera,USA,25965
2023-04-24,Tablet,India,18770
2023-04-24,Laptop,UK,4355
2023-04-24,Smartwatch,UK,23038
2023-04-25,Smartwatch,USA,33772
2023-04-25,Headphones,Canada,21466
2023-04-25,Smartwatch,Canada,11638
2023-04-25,Headphones,India,25086
2023-04-25,Headphones,India,22487
2023-04-26,Headphones,UK,6197
2023-04-26,Laptop,Canada,44224
2023-04-26,Camera,UK,1080
2023-04-26,Tablet,India,5591
2023-04-26,Laptop,Germany,34188
2023-04-27,Camera,Canada,6683
2023-04-27,Tablet,Canada,8565
2023-04-28,Camera,USA,21709
2023-04-28,Mobile,USA,23267
2023-04-29,Headphones,India,36992
2023-04-29,Smartwatch,Germany,8539
2023-04-29,Mobile,USA,31602
2023-04-29,Laptop,UK,28046
2023-04-29,Tablet,USA,31902
2023-04-30,Camera,UK,14985
2023-04-30,Mobile,Germany,35904
2023-05-01,Headphones,USA,44969
2023-05-01,Camera,Germany,29863
2023-05-02,Camera,Germany,44755
2023-05-02,Headphones,India,13023
2023-05-02,Headphones,USA,6121
2023-05-02,Camera,Germany,3597
2023-05-02,Mobile,Canada,44818
2023-05-03,Laptop,India,6228
2023-05-03,Smartwatch,Canada,28664
2023-05-03,Smartwatch,India,41768
2023-05-03,Camera,UK,27282
2023-05-04,Smartwatch,Germany,27157
2023-05-04,Laptop,USA,30826
2023-05-04,Tablet,UK,16004
2023-05-04,Headphones,USA,11524
2023-05-05,Headphones,Canada,41940
2023-05-05,Mobile,USA,35658
2023-05-06,Laptop,Germany,21403
2023-05-06,Laptop,Canada,41317
2023-05-07,Camera,Canada,16387
2023-05-07,Headphones,Germany,44363
2023-05-07,Tablet,Canada,32569
2023-05-07,Headphones,India,40478
2023-05-08,Laptop,Canada,17198
2023-05-08,Mobile,Germany,37041
2023-05-08,Smartwatch,Canada,49852
2023-05-08,Headphones,Canada,2990
2023-05-09,Smartwatch,Canada,44584
2023-05-09,Mobile,India,48470
2023-05-09,Laptop,USA,30714
2023-05-09,Tablet,USA,25692
2023-05-09,Smartwatch,Canada,6409
2023-05-10,Laptop,India,34016
2023-05-10,Camera,Canada,4590
2023-05-11,Mobile,Canada,30365
2023-05-11,Headphones,USA,3798
2023-05-11,Headphones,Germany,20181
2023-05-12,Mobile,UK,27269
2023-05-12,Mobile,Canada,3555
2023-05-13,Tablet,India,42808
2023-05-13,Tablet,India,26153
2023-05-13,Tablet,India,14028
2023-05-14,Camera,India,28526
2023-05-14,Mobile,Canada,32734
2023-05-14,Smartwatch,UK,38505
2023-05-14,Headphones,USA,44247
2023-05-15,Tablet,Canada,26881
2023-05-15,Laptop,Canada,7171
2023-05-15,Tablet,Germany,31531
2023-05-16,Headphones,Germany,45575
2023-05-16,Mobile,Canada,10192
2023-05-16,Camera,USA,7234
2023-05-16,Camera,India,32821
2023-05-16,Laptop,Canada,32199
2023-05-17,Smartwatch,India,48745
2023-05-17,Headphones,India,29127
2023-05-17,Tablet,Canada,15317
2023-05-17,Smartwatch,UK,45889
2023-05-17,Camera,USA,36417
2023-05-18,Headphones,India,29803
2023-05-18,Tablet,Canada,22810
2023-05-18,Tablet,Canada,30574
2023-05-19,Headphones,Canada,11803
2023-05-19,Laptop,USA,36746
2023-05-20,Headphones,UK,21538
2023-05-20,Headphones,USA,4908
2023-05-21,Smartwatch,Canada,47248
2023-05-21,Mobile,India,25746
2023-05-21,Headphones,USA,7490
2023-05-21,Headphones,USA,42130
2023-05-21,Tablet,Canada,38825
2023-05-22,Tablet,USA,25991
2023-05-22,Camera,India,28157
2023-05-22,Camera,India,2607
2023-05-22,Laptop,Canada,34377
2023-05-23,Headphones,Germany,22748
2023-05-23,Smartwatch,India,26632
2023-05-23,Tablet,Canada,5113
2023-05-23,Smartwatch,India,12972
2023-05-23,Laptop,USA,36813
2023-05-24,Mobile,Germany,30151
2023-05-24,Mobile,USA,22506
2023-05-24,Laptop,India,34294
2023-05-25,Tablet,Canada,41729
2023-05-25,Mobile,UK,4434
2023-05-25,Smartwatch,Germany,33942
2023-05-26,Laptop,Canada,40436
2023-05-26,Camera,USA,38625
2023-05-27,Headphones,UK,33348
2023-05-27,Laptop,USA,10701
2023-05-27,Mobile,USA,25375
2023-05-28,Laptop,Canada,9068
2023-05-28,Laptop,Canada,5462
2023-05-28,Mobile,USA,39875
2023-05-28,Camera,UK,37338
2023-05-29,Headphones,UK,33966
2023-05-29,Headphones,USA,16494
2023-05-29,Tablet,Germany,30549
2023-05-29,Mobile,India,41214
2023-05-29,Smartwatch,Germany,39440
2023-05-30,Smartwatch,USA,30589
2023-05-30,Camera,India,40979
2023-05-30,Camera,India,23484
2023-05-31,Mobile,Canada,14843
2023-05-31,Smartwatch,UK,39718
2023-06-01,Laptop,UK,39614
2023-06-01,Smartwatch,USA,41766
2023-06-02,Smartwatch,Canada,16347
2023-06-02,Laptop,UK,15469
2023-06-02,Laptop,Canada,8594
2023-06-03,Laptop,USA,25467
2023-06-03,Mobile,Germany,25762
2023-06-03,Camera,USA,31062
2023-06-03,Laptop,Canada,34076
2023-06-04,Headphones,USA,28038
2023-06-04,Camera,UK,34243
2023-06-04,Camera,USA,15981
2023-06-04,Smartwatch,Canada,25817
2023-06-04,Smartwatch,India,21384
2023-06-05,Headphones,UK,25421
2023-06-05,Laptop,USA,34394
2023-06-05,Tablet,USA,25136
2023-06-05,Headphones,India,24687
2023-06-06,Mobile,USA,47296
2023-06-06,Laptop,Canada,14521
2023-06-06,Tablet,Canada,1177
2023-06-06,Camera,India,3474
2023-06-07,Tablet,UK,36004
2023-06-07,Smartwatch,India,15062
2023-06-07,Tablet,India,25092
2023-06-08,Headphones,Germany,17762
2023-06-08,Headphones,UK,4916
2023-06-08,Tablet,USA,14249
2023-06-09,Mobile,Canada,39190
2023-06-09,Mobile,Germany,15464
2023-06-09,Smartwatch,India,21879
2023-06-09,Tablet,Canada,36002
2023-06-09,Headphones,India,36404
2023-06-10,Mobile,Germany,5876
2023-06-10,Camera,Canada,11783
2023-06-10,Headphones,India,45858
2023-06-11,Tablet,UK,29765
2023-06-11,Smartwatch,Germany,34294
2023-06-12,Smartwatch,Germany,5322
2023-06-12,Laptop,Canada,28207
2023-06-12,Smartwatch,Canada,23950
2023-06-12,Laptop,Canada,18208
2023-06-13,Laptop,India,10833
2023-06-13,Laptop,Germany,2819
2023-06-13,Camera,India,19335
2023-06-13,Camera,UK,45120
2023-06-14,Camera,USA,46921
2023-06-14,Laptop,USA,5346
2023-06-14,Tablet,India,22066
2023-06-14,Smartwatch,Germany,40862
2023-06-14,Laptop,Canada,45043
2023-06-15,Tablet,Canada,12215
2023-06-15,Laptop,Germany,35381
2023-06-15,Smartwatch,UK,31225
2023-06-15,Tablet,UK,7507
2023-06-15,Mobile,UK,34143
2023-06-16,Tablet,USA,41229
2023-06-16,Laptop,USA,36080
2023-06-16,Tablet,India,47930
2023-06-17,Tablet,UK,17979
2023-06-17,Headphones,Canada,11584
2023-06-17,Camera,UK,10474
2023-06-17,Headphones,Germany,48702
2023-06-17,Laptop,India,5438
2023-06-18,Smartwatch,Germany,7288
2023-06-18,Mobile,Canada,19099
2023-06-18,Headphones,USA,46166
2023-06-18,Headphones,USA,21141
2023-06-18,Camera,Germany,21123
2023-06-19,Headphones,USA,47983
2023-06-19,Headphones,India,29293
2023-06-20,Camera,Canada,39043
2023-06-20,Smartwatch,UK,44415
2023-06-20,Headphones,Germany,7915
2023-06-21,Mobile,Germany,47380
2023-06-21,Headphones,UK,23145
2023-06-21,Tablet,Canada,41490
2023-06-21,Mobile,Canada,49046
2023-06-21,Camera,USA,24721
2023-06-22,Smartwatch,Germany,34512
2023-06-22,Camera,India,12742
2023-06-22,Smartwatch,Canada,17856
2023-06-23,Mobile,India,13650
2023-06-23,Headphones,USA,13804
2023-06-23,Headphones,USA,16818
2023-06-23,Headphones,Germany,15411
2023-06-23,Camera,UK,26010
2023-06-24,Camera,Canada,30160
2023-06-24,Camera,Germany,30998
2023-06-24,Laptop,UK,16474
2023-06-25,Headphones,India,31069
2023-06-25,Mobile,India,45995
2023-06-26,Headphones,Canada,17260
2023-06-26,Camera,USA,39210
2023-06-26,Mobile,India,34687
2023-06-27,Mobile,UK,31749
2023-06-27,Smartwatch,UK,5956
2023-06-27,Mobile,Germany,49590
2023-06-28,Headphones,UK,23019
2023-06-28,Headphones,India,20074
2023-06-29,Tablet,India,32398
2023-06-29,Tablet,UK,25602
2023-06-29,Smartwatch,Germany,28121
2023-06-29,Mobile,India,46315
2023-06-30,Laptop,Germany,28107
2023-06-30,Tablet,USA,10487
2023-07-01,Laptop,USA,45166
2023-07-01,Camera,USA,33949
2023-07-01,Laptop,USA,30769
2023-07-02,Smartwatch,India,11751
2023-07-02,Headphones,Canada,21707
2023-07-02,Mobile,Canada,22687
2023-07-03,Tablet,Canada,13994
2023-07-03,Tablet,USA,3145
2023-07-04,Camera,Germany,27688
2023-07-04,Smartwatch,Germany,2622
2023-07-04,Laptop,USA,10115
2023-07-04,Headphones,USA,46304
2023-07-05,Camera,USA,42889
2023-07-05,Headphones,Canada,1837
2023-07-05,Tablet,USA,5693
2023-07-06,Laptop,Canada,21304
2023-07-06,Headphones,Germany,47068
2023-07-06,Headphones,Germany,2345
2023-07-06,Tablet,India,48381
2023-07-07,Smartwatch,Canada,18950
2023-07-07,Laptop,USA,6149
2023-07-07,Camera,Germany,5233
2023-07-07,Tablet,Germany,36079
2023-07-08,Headphones,UK,5572
2023-07-08,Headphones,India,44988
2023-07-09,Headphones,Germany,25190
2023-07-09,Smartwatch,USA,1100
2023-07-10,Tablet,India,44418
2023-07-10,Laptop,UK,8616
2023-07-10,Mobile,USA,49101
2023-07-11,Headphones,Canada,45268
2023-07-11,Mobile,Canada,28925
2023-07-12,Camera,UK,20252
2023-07-12,Headphones,Canada,15247
2023-07-12,Headphones,UK,41237
2023-07-13,Smartwatch,Germany,7619
2023-07-13,Smartwatch,India,22995
2023-07-13,Headphones,USA,6879
2023-07-13,Laptop,India,9700
2023-07-14,Laptop,Germany,49131
2023-07-14,Laptop,Canada,37785
2023-07-14,Smartwatch,India,4216
2023-07-15,Laptop,Germany,36877
2023-07-15,Headphones,Germany,33196
2023-07-15,Laptop,UK,49557
2023-07-16,Mobile,UK,2532
2023-07-16,Headphones,USA,18877
2023-07-16,Tablet,UK,25197
2023-07-17,Headphones,UK,34479
2023-07-17,Camera,UK,25134
2023-07-17,Smartwatch,Canada,35191
2023-07-17,Camera,Canada,34756
2023-07-17,Mobile,UK,20735
2023-07-18,Headphones,India,49391
2023-07-18,Smartwatch,UK,15172
2023-07-18,Camera,Germany,31703
2023-07-18,Headphones,UK,38471
2023-07-18,Mobile,UK,49252
2023-07-19,Smartwatch,India,13613
2023-07-19,Laptop,Canada,12594
2023-07-19,Smartwatch,India,31757
2023-07-20,Laptop,USA,25017
2023-07-20,Headphones,UK,46569
2023-07-20,Mobile,UK,19518
2023-07-21,Smartwatch,Canada,9960
2023-07-21,Camera,Germany,35878
2023-07-21,Mobile,USA,49078
2023-07-21,Mobile,USA,9018
2023-07-21,Camera,Germany,36495
2023-07-22,Tablet,Canada,6699
2023-07-22,Headphones,UK,3623
2023-07-22,Camera,Canada,13870
2023-07-22,Laptop,Canada,14584
2023-07-22,Laptop,UK,29011
2023-07-23,Headphones,India,17394
2023-07-23,Mobile,UK,16204
2023-07-23,Camera,India,26592
2023-07-23,Tablet,Germany,14783
2023-07-24,Laptop,UK,31036
2023-07-24,Mobile,India,24530
2023-07-24,Laptop,India,14837
2023-07-25,Mobile,UK,38088
2023-07-25,Headphones,India,4442
2023-07-25,Camera,UK,12214
2023-07-26,Mobile,Canada,15910
2023-07-26,Mobile,India,42490
2023-07-26,Mobile,Canada,49904
2023-07-26,Headphones,Germany,26897
2023-07-27,Camera,USA,18496
2023-07-27,Headphones,India,3231
2023-07-27,Laptop,Canada,13931
2023-07-27,Headphones,India,12721
2023-07-28,Camera,UK,20121
2023-07-28,Tablet,India,49524
2023-07-29,Smartwatch,USA,47084
2023-07-29,Tablet,India,17885
2023-07-29,Tablet,UK,39707
2023-07-30,Camera,India,25451
2023-07-30,Headphones,Canada,32266
2023-07-30,Smartwatch,USA,16187
2023-07-30,Smartwatch,UK,26963
2023-07-31,Headphones,USA,8582
2023-07-31,Smartwatch,Germany,18546
2023-07-31,Smartwatch,UK,42246
2023-07-31,Laptop,USA,17980
2023-07-31,Camera,Germany,47644
2023-08-01,Laptop,UK,18379
2023-08-01,Camera,UK,10674
2023-08-01,Smartwatch,USA,16189
2023-08-01,Camera,India,1379
2023-08-01,Tablet,UK,40091
2023-08-02,Tablet,USA,5054
2023-08-02,Mobile,USA,1520
2023-08-02,Laptop,Canada,34556
2023-08-02,Tablet,Germany,2808
2023-08-02,Tablet,India,30506
2023-08-03,Tablet,Germany,44390
2023-08-03,Laptop,India,41140
2023-08-03,Mobile,UK,1865
2023-08-04,Mobile,Canada,13958
2023-08-04,Smartwatch,India,41357
2023-08-04,Mobile,India,26691
2023-08-04,Mobile,India,38827
2023-08-05,Headphones,UK,2517
2023-08-05,Laptop,Germany,20849
2023-08-05,Mobile,UK,4019
2023-08-06,Headphones,UK,40460
2023-08-06,Smartwatch,UK,1849
2023-08-07,Headphones,India,20074
2023-08-07,Tablet,Canada,39853
2023-08-08,Laptop,Germany,4759
2023-08-08,Headphones,UK,22144
2023-08-09,Tablet,Canada,20915
2023-08-09,Mobile,Germany,49977
2023-08-10,Tablet,UK,39829
2023-08-10,Headphones,USA,7312
2023-08-10,Camera,USA,3662
2023-08-10,Headphones,Canada,10669
2023-08-10,Tablet,India,7585
2023-08-11,Smartwatch,UK,27609
2023-08-11,Smartwatch,Canada,38925
2023-08-11,Headphones,Germany,38134
2023-08-11,Mobile,USA,40355
2023-08-11,Camera,Canada,28217
2023-08-12,Tablet,Germany,15788
2023-08-12,Camera,UK,8674
2023-08-12,Smartwatch,USA,5110
2023-08-12,Laptop,USA,46796
2023-08-12,Smartwatch,UK,1607
2023-08-13,Mobile,UK,25964
2023-08-13,Tablet,Germany,16664
2023-08-13,Tablet,USA,28041
2023-08-13,Smartwatch,Canada,25548
2023-08-14,Headphones,Germany,1335
2023-08-14,Laptop,UK,20521
2023-08-15,Mobile,Canada,17353
2023-08-15,Laptop,Germany,39189
2023-08-15,Camera,Germany,32526
2023-08-16,Camera,Germany,37766
2023-08-16,Headphones,India,30287
2023-08-16,Headphones,UK,31970
2023-08-17,Mobile,Germany,27652
2023-08-17,Smartwatch,Germany,44175
2023-08-17,Mobile,UK,8509
2023-08-17,Headphones,India,49842
2023-08-18,Mobile,India,9525
2023-08-18,Laptop,UK,7405
2023-08-19,Camera,India,30763
2023-08-19,Laptop,India,37555
2023-08-19,Smartwatch,USA,27110
2023-08-19,Mobile,Canada,23385
2023-08-19,Camera,USA,30163
2023-08-20,Headphones,USA,24222
2023-08-20,Laptop,Canada,4098
2023-08-20,Camera,USA,21159
2023-08-20,Camera,USA,39405
2023-08-20,Camera,Canada,4108
2023-08-21,Headphones,USA,2681
2023-08-21,Mobile,Germany,4398
2023-08-21,Headphones,Germany,49356
2023-08-22,Headphones,Canada,43094
2023-08-22,Camera,UK,7626
2023-08-22,Smartwatch,Germany,44141
2023-08-23,Camera,Canada,42319
2023-08-23,Tablet,Germany,39111
2023-08-23,Laptop,India,9087
2023-08-24,Tablet,Canada,5701
2023-08-24,Mobile,UK,49026
2023-08-24,Tablet,India,35166
2023-08-24,Laptop,UK,35172
2023-08-24,Smartwatch,UK,19710
2023-08-25,Headphones,Canada,5094
2023-08-25,Camera,India,13680
2023-08-25,Headphones,Germany,41029
2023-08-26,Laptop,India,8694
2023-08-26,Mobile,Canada,2253
2023-08-26,Headphones,UK,6384
2023-08-27,Smartwatch,UK,7818
2023-08-27,Smartwatch,Germany,44634
2023-08-27,Headphones,Germany,24058
2023-08-28,Laptop,Germany,45802
2023-08-28,Laptop,Canada,28677
2023-08-28,Laptop,India,24503
2023-08-28,Smartwatch,USA,32171
2023-08-28,Camera,India,6368
2023-08-29,Tablet,India,3074
2023-08-29,Smartwatch,USA,12856
2023-08-30,Headphones,USA,28278
2023-08-30,Camera,Canada,39410
2023-08-30,Smartwatch,Canada,38772
2023-08-30,Headphones,Germany,16042
2023-08-30,Tablet,UK,44134
2023-08-31,Headphones,UK,32774
2023-08-31,Mobile,India,41392
2023-08-31,Mobile,UK,44676
2023-08-31,Mobile,UK,41953
2023-09-01,Smartwatch,Germany,42032
2023-09-01,Mobile,UK,21186
2023-09-01,Tablet,USA,22950
2023-09-01,Tablet,India,48679
2023-09-01,Mobile,India,17052
2023-09-02,Smartwatch,USA,42640
2023-09-02,Mobile,Germany,34269
2023-09-02,Tablet,India,27365
2023-09-02,Mobile,India,25452
2023-09-03,Camera,UK,40442
2023-09-03,Smartwatch,USA,2891
2023-09-04,Smartwatch,Canada,32365
2023-09-04,Camera,UK,45628
2023-09-04,Tablet,USA,48369
2023-09-05,Mobile,UK,6596
2023-09-05,Tablet,Germany,44070
2023-09-06,Smartwatch,India,6885
2023-09-06,Laptop,Canada,37129
2023-09-06,Mobile,USA,45175
2023-09-07,Smartwatch,Canada,38860
2023-09-07,Camera,Germany,22684
2023-09-07,Mobile,USA,9169
2023-09-08,Headphones,UK,15320
2023-09-08,Tablet,India,22967
2023-09-08,Headphones,India,8533
2023-09-08,Tablet,Canada,26394
2023-09-08,Tablet,India,44128
2023-09-09,Camera,Canada,34605
2023-09-09,Laptop,India,40365
2023-09-09,Smartwatch,India,30192
2023-09-09,Tablet,India,43339
2023-09-10,Camera,India,4654
2023-09-10,Mobile,Germany,38267
2023-09-10,Tablet,Germany,45635
2023-09-10,Mobile,Germany,45201
2023-09-10,Camera,UK,6797
2023-09-11,Tablet,Canada,3654
2023-09-11,Tablet,India,14293
2023-09-12,Tablet,India,29995
2023-09-12,Mobile,Canada,39550
2023-09-13,Smartwatch,Germany,32771
2023-09-13,Laptop,USA,24873
2023-09-13,Laptop,India,40940
2023-09-13,Camera,USA,45062
2023-09-14,Laptop,India,46107
2023-09-14,Camera,Germany,25237
2023-09-14,Laptop,India,26377
2023-09-14,Mobile,UK,47808
2023-09-14,Headphones,UK,49389
2023-09-15,Mobile,UK,16603
2023-09-15,Laptop,India,35487
2023-09-16,Tablet,Germany,40400
2023-09-16,Camera,India,24133
2023-09-17,Headphones,Germany,22313
2023-09-17,Camera,India,24660
2023-09-17,Laptop,Germany,13274
2023-09-17,Smartwatch,India,3635
2023-09-17,Mobile,India,14158
2023-09-18,Mobile,UK,33514
2023-09-18,Smartwatch,Canada,7755
2023-09-18,Laptop,USA,19331
2023-09-19,Headphones,USA,6281
2023-09-19,Mobile,UK,47500
2023-09-19,Mobile,Germany,28376
2023-09-19,Tablet,UK,7101
2023-09-20,Tablet,India,20430
2023-09-20,Tablet,India,23675
2023-09-20,Mobile,Germany,19702
2023-09-20,Laptop,UK,25656
2023-09-20,Camera,India,19741
2023-09-21,Laptop,Canada,24822
2023-09-21,Headphones,Canada,3123
2023-09-21,Smartwatch,India,47440
2023-09-21,Headphones,UK,44699
2023-09-21,Mobile,Canada,40273
2023-09-22,Camera,USA,38413
2023-09-22,Tablet,India,27499
2023-09-22,Smartwatch,India,6559
2023-09-22,Headphones,Germany,8949
2023-09-23,Mobile,Germany,31669
2023-09-23,Tablet,Canada,48854
2023-09-23,Headphones,UK,31372
2023-09-24,Laptop,UK,47803
2023-09-24,Smartwatch,UK,14247
2023-09-24,Laptop,India,20775
2023-09-24,Tablet,Canada,49406
2023-09-25,Laptop,USA,37430
2023-09-25,Headphones,Canada,9848
2023-09-25,Laptop,Canada,14387
2023-09-25,Headphones,USA,45138
2023-09-25,Headphones,USA,25322
2023-09-26,Smartwatch,Canada,14022
2023-09-26,Headphones,Germany,46188
2023-09-26,Headphones,Canada,18980
2023-09-26,Camera,Germany,18051
2023-09-26,Laptop,Canada,35197
2023-09-27,Laptop,India,21335
2023-09-27,Headphones,UK,36733
2023-09-27,Mobile,India,20901
2023-09-28,Camera,USA,44728
2023-09-28,Camera,Germany,25681
2023-09-28,Tablet,Canada,30000
2023-09-29,Camera,India,18138
2023-09-29,Laptop,Germany,45056
2023-09-29,Mobile,Germany,19679
2023-09-29,Headphones,Germany,45284
2023-09-29,Tablet,UK,37542
2023-09-30,Mobile,Germany,36350
2023-09-30,Mobile,Germany,32703
2023-10-01,Headphones,India,11221
2023-10-01,Headphones,Canada,44609
2023-10-01,Headphones,USA,1346
2023-10-01,Mobile,USA,34562
2023-10-01,Laptop,UK,23903
2023-10-02,Camera,USA,23974
2023-10-02,Headphones,India,22098
2023-10-02,Tablet,India,5210
2023-10-03,Laptop,Canada,37941
2023-10-03,Laptop,USA,18790
2023-10-03,Camera,UK,40000
2023-10-04,Laptop,UK,8949
2023-10-04,Tablet,India,36611
2023-10-04,Tablet,UK,44074
2023-10-05,Mobile,USA,7855
2023-10-05,Headphones,USA,6786
2023-10-05,Tablet,USA,18566
2023-10-05,Laptop,Canada,6404
2023-10-05,Headphones,Germany,41989
2023-10-06,Laptop,Canada,32453
2023-10-06,Headphones,India,40641
2023-10-06,Smartwatch,Canada,7299
2023-10-06,Tablet,USA,16930
2023-10-07,Laptop,UK,5955
2023-10-07,Camera,Germany,29855
2023-10-08,Laptop,Canada,26037
2023-10-08,Smartwatch,UK,38204
2023-10-08,Headphones,India,13316
2023-10-08,Smartwatch,USA,12846
2023-10-09,Laptop,Germany,21539
2023-10-09,Laptop,UK,6179
2023-10-09,Camera,India,23277
2023-10-09,Camera,UK,5748
2023-10-10,Smartwatch,Canada,1365
2023-10-10,Smartwatch,India,11271
2023-10-10,Headphones,UK,6622
2023-10-10,Laptop,India,30557
2023-10-11,Tablet,UK,11356
2023-10-11,Headphones,Canada,12828
2023-10-12,Mobile,Canada,30737
2023-10-12,Headphones,UK,26583
2023-10-12,Laptop,Canada,13693
2023-10-12,Headphones,India,39895
2023-10-12,Smartwatch,Germany,28633
2023-10-13,Tablet,India,19818
2023-10-13,Tablet,USA,21892
2023-10-13,Camera,USA,27337
2023-10-13,Smartwatch,UK,4648
2023-10-13,Mobile,Canada,22853
2023-10-14,Camera,India,46200
2023-10-14,Headphones,India,39319
2023-10-14,Laptop,UK,4679
2023-10-15,Laptop,India,47618
2023-10-15,Headphones,Germany,31947
2023-10-15,Laptop,Germany,43120
2023-10-15,Tablet,Germany,13855
2023-10-16,Laptop,Canada,16925
2023-10-16,Smartwatch,Canada,39160
2023-10-16,Laptop,USA,5709
2023-10-17,Camera,Canada,42335
2023-10-17,Headphones,Germany,31835
2023-10-17,Tablet,Canada,6910
2023-10-17,Camera,Germany,42586
2023-10-18,Smartwatch,Canada,39968
2023-10-18,Mobile,USA,42193
2023-10-18,Camera,Germany,4874
2023-10-18,Headphones,India,25070
2023-10-19,Tablet,India,17173
2023-10-19,Smartwatch,USA,30532
2023-10-19,Headphones,India,1980
2023-10-20,Tablet,Canada,31774
2023-10-20,Camera,UK,43262
2023-10-21,Tablet,UK,3022
2023-10-21,Mobile,Germany,44965
2023-10-21,Mobile,USA,43246
2023-10-21,Mobile,USA,20518
2023-10-21,Headphones,Canada,16252
2023-10-22,Laptop,India,35229
2023-10-22,Mobile,Germany,9623
2023-10-22,Headphones,India,10749
2023-10-22,Camera,Germany,40040
2023-10-23,Smartwatch,USA,17401
2023-10-23,Camera,UK,40686
2023-10-23,Laptop,Germany,35963
2023-10-23,Headphones,Canada,11147
2023-10-23,Laptop,Canada,9560
2023-10-24,Smartwatch,India,17974
2023-10-24,Mobile,India,19992
2023-10-24,Smartwatch,India,16828
2023-10-25,Headphones,Germany,29021
2023-10-25,Headphones,Germany,2292
2023-10-25,Smartwatch,UK,32881
2023-10-26,Smartwatch,USA,40355
2023-10-26,Smartwatch,USA,27717
2023-10-26,Mobile,India,29832
2023-10-27,Camera,Canada,14909
2023-10-27,Camera,USA,29259
2023-10-27,Laptop,UK,47110
2023-10-28,Mobile,USA,44387
2023-10-28,Mobile,UK,30311
2023-10-28,Headphones,India,45015
2023-10-28,Smartwatch,USA,35279
2023-10-29,Mobile,India,28456
2023-10-29,Tablet,Canada,1318
2023-10-30,Mobile,India,33567
2023-10-30,Mobile,USA,29036
2023-10-30,Smartwatch,Canada,42531
2023-10-30,Mobile,Canada,12682
2023-10-31,Laptop,India,34782
2023-10-31,Mobile,India,3719
2023-11-01,Smartwatch,USA,8636
2023-11-01,Headphones,Germany,27168
2023-11-01,Laptop,India,21285
2023-11-01,Mobile,Germany,8221
2023-11-02,Laptop,Germany,22188
2023-11-02,Mobile,India,17293
2023-11-03,Camera,Germany,2004
2023-11-03,Tablet,USA,48728
2023-11-04,Headphones,India,49147
2023-11-04,Tablet,India,10532
2023-11-04,Camera,Germany,14254
2023-11-04,Smartwatch,Germany,17694
2023-11-05,Camera,Germany,45579
2023-11-05,Tablet,USA,26867
2023-11-05,Camera,USA,26650
2023-11-05,Smartwatch,Germany,49430
2023-11-05,Headphones,USA,47748
2023-11-06,Camera,Germany,15612
2023-11-06,Headphones,India,21811
2023-11-06,Headphones,UK,17479
2023-11-06,Camera,USA,29052
2023-11-06,Smartwatch,UK,34546
2023-11-07,Laptop,Germany,35669
2023-11-07,Tablet,Germany,24458
2023-11-07,Laptop,Canada,49554
2023-11-07,Laptop,USA,20044
2023-11-08,Tablet,Germany,48382
2023-11-08,Headphones,Canada,46212
2023-11-08,Laptop,Germany,1658
2023-11-08,Tablet,UK,39940
2023-11-09,Laptop,Canada,19586
2023-11-09,Mobile,UK,1308
2023-11-10,Laptop,USA,8946
2023-11-10,Mobile,UK,9122
2023-11-10,Camera,UK,4432
2023-11-10,Smartwatch,India,41934
2023-11-10,Camera,Germany,12582
2023-11-11,Camera,UK,22331
2023-11-11,Headphones,UK,2589
2023-11-11,Headphones,USA,22244
2023-11-12,Smartwatch,USA,22939
2023-11-12,Smartwatch,USA,40265
2023-11-12,Smartwatch,Germany,7697
2023-11-13,Tablet,Germany,31937
2023-11-13,Mobile,India,4310
2023-11-13,Camera,Germany,5070
2023-11-13,Mobile,Canada,28931
2023-11-13,Mobile,USA,19921
2023-11-14,Laptop,India,33456
2023-11-14,Mobile,India,18069
2023-11-15,Camera,Canada,30725
2023-11-15,Mobile,Germany,24907
2023-11-15,Camera,Germany,16548
2023-11-15,Headphones,UK,18149
2023-11-15,Headphones,India,10693
2023-11-16,Tablet,India,37540
2023-11-16,Mobile,USA,41480
2023-11-17,Headphones,Canada,43202
2023-11-17,Mobile,UK,19791
2023-11-17,Laptop,UK,8257
2023-11-18,Headphones,India,26660
2023-11-18,Laptop,UK,2518
2023-11-18,Smartwatch,USA,8849
2023-11-18,Tablet,USA,42983
2023-11-18,Headphones,India,39423
2023-11-19,Headphones,Germany,38266
2023-11-19,Headphones,Germany,4746
2023-11-19,Tablet,UK,22153
2023-11-20,Tablet,Canada,4652
2023-11-20,Tablet,Germany,46963
2023-11-20,Camera,USA,23470
2023-11-21,Tablet,Germany,4063
2023-11-21,Headphones,UK,4096
2023-11-21,Mobile,Canada,33497
2023-11-21,Headphones,UK,11626
2023-11-22,Headphones,USA,33607
2023-11-22,Tablet,UK,45158
2023-11-22,Mobile,Germany,5547
2023-11-22,Laptop,Germany,17808
2023-11-23,Laptop,UK,9377
2023-11-23,Camera,UK,39378
2023-11-23,Laptop,UK,26410
2023-11-23,Tablet,Germany,18946
2023-11-24,Mobile,UK,44831
2023-11-24,Headphones,Germany,3501
2023-11-25,Headphones,India,46227
2023-11-25,Camera,Canada,8927
2023-11-25,Smartwatch,UK,16285
2023-11-25,Smartwatch,Germany,26878
2023-11-26,Tablet,India,3458
2023-11-26,Laptop,Canada,48147
2023-11-27,Headphones,UK,46857
2023-11-27,Camera,India,29878
2023-11-27,Smartwatch,UK,7145
2023-11-28,Headphones,India,3607
2023-11-28,Laptop,India,49131
2023-11-28,Smartwatch,UK,15569
2023-11-28,Smartwatch,India,18883
2023-11-29,Tablet,Canada,47270
2023-11-29,Smartwatch,Canada,3815
2023-11-29,Camera,India,43386
2023-11-29,Smartwatch,Canada,15746
2023-11-30,Camera,India,8265
2023-11-30,Laptop,USA,42481
2023-12-01,Tablet,Germany,44970
2023-12-01,Tablet,UK,43596
2023-12-01,Mobile,India,37954
2023-12-01,Tablet,USA,45928
2023-12-01,Mobile,Canada,42402
2023-12-02,Mobile,UK,7305
2023-12-02,Smartwatch,UK,5896
2023-12-02,Laptop,USA,41344
2023-12-02,Mobile,India,21330
2023-12-02,Headphones,UK,19857
2023-12-03,Mobile,Germany,33964
2023-12-03,Smartwatch,Germany,30198
2023-12-04,Mobile,Germany,39596
2023-12-04,Headphones,Germany,37699
2023-12-04,Laptop,India,29712
2023-12-04,Mobile,USA,35154
2023-12-04,Headphones,Germany,46597
2023-12-05,Mobile,UK,19048
2023-12-05,Tablet,Canada,3244
2023-12-05,Mobile,UK,39900
2023-12-05,Mobile,UK,24946
2023-12-06,Laptop,India,35884
2023-12-06,Smartwatch,India,42314
2023-12-06,Tablet,India,12390
2023-12-06,Headphones,Germany,33473
2023-12-07,Laptop,UK,4695
2023-12-07,Tablet,USA,30987
2023-12-07,Laptop,India,33776
2023-12-08,Mobile,India,48897
2023-12-08,Tablet,UK,25738
2023-12-08,Tablet,USA,49368
2023-12-09,Laptop,Germany,34070
2023-12-09,Camera,Canada,18361
2023-12-09,Mobile,India,7298
2023-12-09,Headphones,Canada,23735
2023-12-10,Laptop,India,37476
2023-12-10,Mobile,USA,44494
2023-12-11,Tablet,Canada,38709
2023-12-11,Tablet,USA,5812
2023-12-11,Headphones,Canada,7658
2023-12-11,Tablet,India,8467
2023-12-11,Tablet,India,30605
2023-12-12,Mobile,India,46497
2023-12-12,Headphones,UK,36325
2023-12-13,Mobile,UK,5464
2023-12-13,Mobile,India,12940
2023-12-13,Tablet,India,34843
2023-12-13,Mobile,USA,46709
2023-12-13,Mobile,Germany,28879
2023-12-14,Tablet,India,43004
2023-12-14,Mobile,USA,10049
2023-12-14,Tablet,Canada,17715
2023-12-14,Smartwatch,Canada,21631
2023-12-15,Camera,UK,33226
2023-12-15,Smartwatch,India,48586
2023-12-16,Laptop,Germany,27521
2023-12-16,Tablet,Canada,32144
2023-12-16,Laptop,Germany,3355
2023-12-17,Smartwatch,Germany,33921
2023-12-17,Camera,Canada,20972
2023-12-17,Smartwatch,UK,25388
2023-12-17,Tablet,UK,30289
2023-12-18,Headphones,India,35113
2023-12-18,Camera,USA,14014
2023-12-18,Mobile,USA,49735
2023-12-18,Smartwatch,UK,4673
2023-12-19,Camera,India,6146
2023-12-19,Tablet,USA,10719
2023-12-20,Headphones,Germany,15176
2023-12-20,Laptop,Germany,36530
2023-12-20,Headphones,USA,5273
2023-12-21,Mobile,UK,14994
2023-12-21,Smartwatch,UK,26573
2023-12-21,Headphones,Canada,21701
2023-12-22,Tablet,Canada,37331
2023-12-22,Tablet,USA,34112
2023-12-22,Smartwatch,UK,27826
2023-12-22,Tablet,Canada,45714
2023-12-22,Camera,UK,14767
2023-12-23,Mobile,India,36251
2023-12-23,Smartwatch,UK,6896
2023-12-23,Camera,UK,32703
2023-12-23,Camera,Canada,32437
2023-12-23,Tablet,India,16994
2023-12-24,Mobile,UK,48240
2023-12-24,Headphones,Canada,33477
2023-12-25,Mobile,USA,38010
2023-12-25,Mobile,UK,16839
2023-12-25,Tablet,India,49466
2023-12-26,Smartwatch,USA,26588
2023-12-26,Mobile,UK,10245
2023-12-27,Mobile,Germany,31431
2023-12-27,Smartwatch,Canada,30304
2023-12-27,Headphones,Canada,9842
2023-12-27,Smartwatch,Germany,18915
2023-12-27,Camera,Germany,46234
2023-12-28,Camera,Germany,48321
2023-12-28,Laptop,Germany,44272
2023-12-28,Tablet,Germany,34167
2023-12-28,Camera,Germany,24115
2023-12-28,Mobile,UK,1381
2023-12-29,Mobile,UK,27350
2023-12-29,Laptop,India,28939
2023-12-29,Smartwatch,India,14597
2023-12-29,Camera,UK,40829
2023-12-30,Laptop,USA,26020
2023-12-30,Smartwatch,India,36056
2023-12-31,Tablet,India,44354
2023-12-31,Camera,Canada,6337
